	chrM	621	0	1.0	51
	chrM	624	0	2.0	51
	chrM	627	0	2.0	51
	chrM	630	0	1.0	42
	chrM	631	0	1.0	51
	chrM	635	0	2.0	51
	chrM	637	0	1.0	41
	chrM	638	0	1.0	51
	chrM	639	0	1.0	36
	chrM	641	0	1.0	34
	chrM	642	0	1.0	51
	chrM	644	0	1.0	31
	chrM	645	0	1.0	30
	chrM	647	0	3.0	28
	chrM	647	0	1.0	29
	chrM	647	0	1.0	30
	chrM	647	0	3.0	31
	chrM	647	0	2.0	35
	chrM	647	0	2.0	39
	chrM	647	0	3.0	42
	chrM	647	0	4.0	45
	chrM	647	0	2.0	51
	chrM	648	0	1.0	30
	chrM	648	0	1.0	41
	chrM	649	0	1.0	24
	chrM	649	0	1.0	36
	chrM	649	0	1.0	40
	chrM	650	0	2.0	51
	chrM	651	0	1.0	24
	chrM	651	0	1.0	27
	chrM	653	0	3.0	22
	chrM	653	0	1.0	33
	chrM	653	0	1.0	36
	chrM	653	0	2.0	39
	chrM	654	0	1.0	38
	chrM	655	0	1.0	20
	chrM	655	0	1.0	51
	chrM	656	0	3.0	22
	chrM	656	0	1.0	51
	chrM	657	0	2.0	21
	chrM	657	0	1.0	32
	chrM	658	0	1.0	17
	chrM	658	0	1.0	34
	chrM	659	0	1.0	23
	chrM	659	0	1.0	24
	chrM	659	0	1.0	29
	chrM	659	0	1.0	30
	chrM	663	0	1.0	23
	chrM	663	0	2.0	29
	chrM	663	0	3.0	51
	chrM	664	0	1.0	37
	chrM	665	0	1.0	27
	chrM	666	0	1.0	18
	chrM	666	0	1.0	23
	chrM	666	0	2.0	26
	chrM	666	0	1.0	40
	chrM	666	0	2.0	51
	chrM	667	0	2.0	18
	chrM	667	0	3.0	19
	chrM	667	0	6.0	22
	chrM	667	0	1.0	26
	chrM	667	0	1.0	34
	chrM	667	0	1.0	39
	chrM	668	0	1.0	21
	chrM	668	0	1.0	51
	chrM	669	0	1.0	23
	chrM	669	0	1.0	32
	chrM	669	0	2.0	51
	chrM	670	0	1.0	22
	chrM	670	0	1.0	51
	chrM	671	0	1.0	33
	chrM	671	0	1.0	42
	chrM	672	0	3.0	42
	chrM	672	0	1.0	47
	chrM	672	1	1.0	18
	chrM	672	1	1.0	20
	chrM	674	1	2.0	19
	chrM	674	1	2.0	29
	chrM	674	1	1.0	33
	chrM	675	1	1.0	17
	chrM	676	0	1.0	41
	chrM	676	1	1.0	21
	chrM	677	0	1.0	40
	chrM	677	0	1.0	51
	chrM	677	1	1.0	18
	chrM	677	1	3.0	19
	chrM	677	1	1.0	20
	chrM	677	1	2.0	21
	chrM	677	1	1.0	22
	chrM	677	1	1.0	43
	chrM	678	0	2.0	42
	chrM	678	0	1.0	44
	chrM	678	0	7.0	51
	chrM	678	1	1.0	21
	chrM	678	1	1.0	24
	chrM	679	0	2.0	51
	chrM	680	0	7.0	51
	chrM	681	0	1.0	48
	chrM	681	1	2.0	23
	chrM	681	1	1.0	24
	chrM	681	1	1.0	25
	chrM	681	1	2.0	29
	chrM	682	0	2.0	32
	chrM	682	0	1.0	34
	chrM	682	0	1.0	40
	chrM	682	0	2.0	46
	chrM	682	0	4.0	47
	chrM	682	0	2.0	48
	chrM	682	1	1.0	27
	chrM	683	0	2.0	38
	chrM	683	0	2.0	48
	chrM	684	0	1.0	33
	chrM	684	0	1.0	35
	chrM	684	0	1.0	45
	chrM	684	0	1.0	47
	chrM	684	1	1.0	18
	chrM	685	0	1.0	29
	chrM	685	0	1.0	45
	chrM	685	1	1.0	17
	chrM	685	1	2.0	27
	chrM	685	1	2.0	28
	chrM	685	1	1.0	30
	chrM	686	0	1.0	27
	chrM	686	0	1.0	31
	chrM	686	0	2.0	32
	chrM	686	0	3.0	34
	chrM	686	0	3.0	43
	chrM	686	0	2.0	45
	chrM	687	0	1.0	30
	chrM	687	0	1.0	32
	chrM	687	0	2.0	42
	chrM	687	0	1.0	43
	chrM	687	0	5.0	44
	chrM	687	1	2.0	51
	chrM	688	0	2.0	26
	chrM	688	0	1.0	29
	chrM	688	0	1.0	34
	chrM	688	0	2.0	41
	chrM	688	0	1.0	42
	chrM	688	0	1.0	43
	chrM	688	0	2.0	46
	chrM	688	1	1.0	18
	chrM	688	1	1.0	39
	chrM	689	0	1.0	22
	chrM	689	0	2.0	24
	chrM	689	0	1.0	25
	chrM	689	0	2.0	28
	chrM	689	0	1.0	40
	chrM	689	0	3.0	42
	chrM	689	0	1.0	51
	chrM	690	0	1.0	23
	chrM	690	0	1.0	24
	chrM	690	0	1.0	25
	chrM	690	0	1.0	30
	chrM	690	0	1.0	31
	chrM	690	0	2.0	38
	chrM	690	0	1.0	40
	chrM	690	0	1.0	43
	chrM	690	0	1.0	49
	chrM	690	0	8.0	51
	chrM	691	0	1.0	22
	chrM	691	0	2.0	23
	chrM	691	0	1.0	38
	chrM	691	0	2.0	39
	chrM	691	0	2.0	40
	chrM	691	0	1.0	51
	chrM	691	1	2.0	36
	chrM	692	0	2.0	21
	chrM	692	0	7.0	22
	chrM	692	0	1.0	24
	chrM	692	0	1.0	27
	chrM	692	0	2.0	30
	chrM	692	0	3.0	37
	chrM	692	0	1.0	38
	chrM	692	0	4.0	39
	chrM	692	0	1.0	45
	chrM	693	0	1.0	20
	chrM	693	0	2.0	21
	chrM	693	0	1.0	24
	chrM	693	0	1.0	36
	chrM	693	0	2.0	38
	chrM	693	0	1.0	48
	chrM	694	0	1.0	20
	chrM	694	0	2.0	35
	chrM	694	0	1.0	36
	chrM	694	0	1.0	37
	chrM	694	0	1.0	47
	chrM	694	0	1.0	48
	chrM	694	0	1.0	51
	chrM	695	0	1.0	18
	chrM	695	0	2.0	19
	chrM	695	0	3.0	22
	chrM	695	0	1.0	25
	chrM	695	0	1.0	34
	chrM	695	0	1.0	36
	chrM	695	0	1.0	46
	chrM	695	1	2.0	25
	chrM	695	1	2.0	39
	chrM	696	0	1.0	17
	chrM	696	0	2.0	18
	chrM	696	0	1.0	21
	chrM	696	0	1.0	25
	chrM	696	0	1.0	26
	chrM	696	0	5.0	33
	chrM	696	0	2.0	34
	chrM	696	0	2.0	35
	chrM	696	0	1.0	37
	chrM	696	0	1.0	51
	chrM	697	0	2.0	17
	chrM	697	0	1.0	28
	chrM	697	0	2.0	31
	chrM	697	0	4.0	32
	chrM	697	0	6.0	33
	chrM	697	0	6.0	34
	chrM	697	0	1.0	36
	chrM	697	0	3.0	51
	chrM	698	0	2.0	30
	chrM	698	0	1.0	31
	chrM	698	0	1.0	32
	chrM	698	0	3.0	33
	chrM	698	0	1.0	45
	chrM	699	0	1.0	22
	chrM	699	0	1.0	29
	chrM	699	0	2.0	30
	chrM	699	0	2.0	31
	chrM	699	0	5.0	32
	chrM	699	0	2.0	42
	chrM	699	0	1.0	43
	chrM	700	0	1.0	21
	chrM	700	0	1.0	22
	chrM	700	0	3.0	29
	chrM	700	0	3.0	31
	chrM	700	0	1.0	51
	chrM	700	1	1.0	43
	chrM	701	0	2.0	16
	chrM	701	0	1.0	19
	chrM	701	0	1.0	20
	chrM	701	0	2.0	28
	chrM	701	0	2.0	29
	chrM	701	0	5.0	30
	chrM	701	0	3.0	40
	chrM	701	0	6.0	51
	chrM	702	0	1.0	20
	chrM	702	0	2.0	21
	chrM	702	0	7.0	27
	chrM	703	0	2.0	17
	chrM	703	0	1.0	18
	chrM	703	0	1.0	27
	chrM	703	0	1.0	28
	chrM	703	0	1.0	51
	chrM	704	0	3.0	25
	chrM	704	0	1.0	26
	chrM	704	0	1.0	27
	chrM	704	0	1.0	33
	chrM	704	0	2.0	37
	chrM	704	0	2.0	44
	chrM	704	0	2.0	48
	chrM	704	0	2.0	51
	chrM	704	1	1.0	49
	chrM	705	0	1.0	16
	chrM	705	0	1.0	17
	chrM	705	0	2.0	21
	chrM	705	0	5.0	24
	chrM	705	0	5.0	25
	chrM	705	0	4.0	26
	chrM	705	0	1.0	27
	chrM	705	0	1.0	28
	chrM	705	0	1.0	29
	chrM	705	0	1.0	39
	chrM	706	0	1.0	16
	chrM	706	0	2.0	18
	chrM	706	0	1.0	22
	chrM	706	0	2.0	23
	chrM	706	0	1.0	24
	chrM	706	0	10.0	25
	chrM	706	0	1.0	31
	chrM	706	0	2.0	35
	chrM	706	0	3.0	46
	chrM	706	1	1.0	51
	chrM	707	0	4.0	15
	chrM	707	0	1.0	19
	chrM	707	0	2.0	21
	chrM	707	0	15.0	22
	chrM	707	0	9.0	23
	chrM	707	0	7.0	24
	chrM	707	0	1.0	25
	chrM	707	0	1.0	26
	chrM	707	0	1.0	28
	chrM	707	0	1.0	30
	chrM	707	0	5.0	34
	chrM	707	0	1.0	39
	chrM	707	0	1.0	40
	chrM	707	0	1.0	45
	chrM	708	0	7.0	21
	chrM	708	0	1.0	22
	chrM	708	0	9.0	23
	chrM	709	0	8.0	20
	chrM	709	0	4.0	21
	chrM	709	0	8.0	22
	chrM	709	0	1.0	24
	chrM	709	0	2.0	26
	chrM	709	0	1.0	27
	chrM	709	0	1.0	28
	chrM	709	0	2.0	43
	chrM	709	1	1.0	51
	chrM	710	0	1.0	18
	chrM	710	0	8.0	19
	chrM	710	0	11.0	20
	chrM	710	0	30.0	21
	chrM	710	0	2.0	22
	chrM	710	0	2.0	23
	chrM	710	0	2.0	24
	chrM	710	0	1.0	25
	chrM	710	0	2.0	27
	chrM	710	0	8.0	31
	chrM	710	0	1.0	32
	chrM	710	0	1.0	37
	chrM	710	0	1.0	40
	chrM	710	0	2.0	42
	chrM	710	0	1.0	46
	chrM	710	1	1.0	33
	chrM	711	0	5.0	30
	chrM	711	0	1.0	33
	chrM	711	0	1.0	41
	chrM	712	0	2.0	29
	chrM	712	0	2.0	40
	chrM	713	0	1.0	25
	chrM	713	0	3.0	28
	chrM	713	0	1.0	29
	chrM	713	0	1.0	34
	chrM	713	0	1.0	35
	chrM	713	0	1.0	39
	chrM	713	0	7.0	51
	chrM	713	1	1.0	18
	chrM	713	1	2.0	22
	chrM	713	1	1.0	25
	chrM	713	1	1.0	35
	chrM	713	1	1.0	38
	chrM	713	1	1.0	47
	chrM	714	0	1.0	22
	chrM	714	0	1.0	24
	chrM	714	0	2.0	25
	chrM	714	0	3.0	27
	chrM	714	0	2.0	34
	chrM	714	0	1.0	38
	chrM	714	0	1.0	47
	chrM	715	0	3.0	26
	chrM	716	0	1.0	21
	chrM	716	0	9.0	25
	chrM	716	0	2.0	28
	chrM	716	0	1.0	32
	chrM	716	0	1.0	34
	chrM	716	0	4.0	36
	chrM	716	0	1.0	38
	chrM	716	1	1.0	16
	chrM	716	1	2.0	17
	chrM	716	1	3.0	19
	chrM	716	1	1.0	21
	chrM	716	1	3.0	25
	chrM	716	1	1.0	26
	chrM	717	0	1.0	12
	chrM	717	0	1.0	20
	chrM	717	0	12.0	24
	chrM	717	0	1.0	25
	chrM	717	0	1.0	29
	chrM	717	0	3.0	31
	chrM	717	0	1.0	35
	chrM	717	0	1.0	37
	chrM	717	0	1.0	47
	chrM	717	1	1.0	17
	chrM	718	0	7.0	23
	chrM	718	1	2.0	21
	chrM	718	1	4.0	27
	chrM	718	1	1.0	48
	chrM	719	0	1.0	18
	chrM	719	0	1.0	22
	chrM	719	0	1.0	25
	chrM	719	1	1.0	18
	chrM	719	1	4.0	22
	chrM	719	1	1.0	25
	chrM	719	1	4.0	28
	chrM	719	1	3.0	29
	chrM	719	1	2.0	38
	chrM	719	1	1.0	43
	chrM	720	0	1.0	51
	chrM	720	1	3.0	21
	chrM	720	1	1.0	23
	chrM	720	1	2.0	25
	chrM	720	1	1.0	35
	chrM	720	1	1.0	40
	chrM	720	1	1.0	46
	chrM	721	0	1.0	18
	chrM	721	0	2.0	20
	chrM	721	0	1.0	24
	chrM	721	0	3.0	31
	chrM	721	0	1.0	43
	chrM	721	0	4.0	51
	chrM	722	0	6.0	19
	chrM	722	0	1.0	20
	chrM	722	0	1.0	30
	chrM	722	0	1.0	32
	chrM	722	0	4.0	51
	chrM	723	0	1.0	18
	chrM	723	1	1.0	28
	chrM	723	1	1.0	32
	chrM	724	0	2.0	17
	chrM	724	0	8.0	51
	chrM	724	1	1.0	24
	chrM	724	1	1.0	48
	chrM	725	0	1.0	23
	chrM	725	0	2.0	24
	chrM	725	0	1.0	39
	chrM	725	0	1.0	42
	chrM	725	0	2.0	45
	chrM	725	1	1.0	24
	chrM	725	1	1.0	28
	chrM	725	1	1.0	30
	chrM	725	1	1.0	48
	chrM	726	0	2.0	24
	chrM	726	0	1.0	38
	chrM	726	0	1.0	40
	chrM	726	0	1.0	46
	chrM	726	0	3.0	51
	chrM	726	1	1.0	34
	chrM	727	1	2.0	30
	chrM	727	1	1.0	35
	chrM	727	1	1.0	37
	chrM	728	0	1.0	27
	chrM	728	0	1.0	36
	chrM	728	0	1.0	44
	chrM	728	1	2.0	22
	chrM	728	1	2.0	24
	chrM	728	1	1.0	28
	chrM	728	1	2.0	29
	chrM	728	1	2.0	31
	chrM	728	1	1.0	47
	chrM	728	1	1.0	51
	chrM	729	1	2.0	23
	chrM	729	1	1.0	51
	chrM	730	0	2.0	22
	chrM	730	0	1.0	34
	chrM	732	0	1.0	20
	chrM	732	0	1.0	42
	chrM	732	0	1.0	43
	chrM	732	0	1.0	51
	chrM	733	0	1.0	19
	chrM	733	0	2.0	20
	chrM	733	0	1.0	40
	chrM	733	1	2.0	33
	chrM	733	1	1.0	45
	chrM	734	0	1.0	16
	chrM	734	0	1.0	30
	chrM	734	0	1.0	40
	chrM	734	1	1.0	28
	chrM	734	1	1.0	36
	chrM	734	1	1.0	45
	chrM	735	0	1.0	29
	chrM	735	0	2.0	37
	chrM	735	0	1.0	40
	chrM	736	1	5.0	15
	chrM	736	1	3.0	16
	chrM	736	1	1.0	30
	chrM	737	1	1.0	40
	chrM	738	1	1.0	20
	chrM	738	1	1.0	32
	chrM	739	1	1.0	51
	chrM	741	1	1.0	28
	chrM	741	1	1.0	44
	chrM	744	1	1.0	21
	chrM	746	1	2.0	21
	chrM	746	1	1.0	46
	chrM	746	1	3.0	51
	chrM	747	1	1.0	47
	chrM	748	1	2.0	27
	chrM	748	1	1.0	29
	chrM	748	1	2.0	51
	chrM	750	0	1.0	43
	chrM	750	1	1.0	17
	chrM	750	1	1.0	51
	chrM	751	1	4.0	18
	chrM	751	1	1.0	30
	chrM	752	1	1.0	20
	chrM	753	1	1.0	28
	chrM	753	1	1.0	37
	chrM	754	1	1.0	21
	chrM	754	1	1.0	29
	chrM	754	1	1.0	48
	chrM	755	1	2.0	22
	chrM	756	1	1.0	43
	chrM	756	1	1.0	51
	chrM	757	1	1.0	34
	chrM	758	1	1.0	25
	chrM	759	1	1.0	46
	chrM	760	1	1.0	27
	chrM	760	1	1.0	29
	chrM	761	1	1.0	28
	chrM	762	1	1.0	29
	chrM	763	1	1.0	38
	chrM	764	0	1.0	51
	chrM	766	1	1.0	41
	chrM	767	0	1.0	30
	chrM	767	0	1.0	33
	chrM	767	0	1.0	42
	chrM	767	0	2.0	45
	chrM	772	0	2.0	51
	chrM	773	0	1.0	45
	chrM	773	0	1.0	51
	chrM	775	0	1.0	22
	chrM	776	0	4.0	19
	chrM	776	0	1.0	21
	chrM	776	0	2.0	24
	chrM	776	0	3.0	25
	chrM	776	0	1.0	26
	chrM	776	0	1.0	27
	chrM	776	0	1.0	29
	chrM	776	0	5.0	33
	chrM	776	0	1.0	36
	chrM	776	0	1.0	39
	chrM	776	0	3.0	51
	chrM	776	1	1.0	43
	chrM	777	0	3.0	51
	chrM	779	0	1.0	51
	chrM	779	1	1.0	46
	chrM	780	0	1.0	17
	chrM	780	0	1.0	23
	chrM	780	0	1.0	29
	chrM	780	0	1.0	38
	chrM	782	0	1.0	18
	chrM	782	0	1.0	51
	chrM	783	0	2.0	17
	chrM	783	0	1.0	29
	chrM	783	0	1.0	40
	chrM	784	0	15.0	16
	chrM	784	0	3.0	17
	chrM	784	0	1.0	18
	chrM	784	0	3.0	19
	chrM	784	0	2.0	21
	chrM	784	0	3.0	22
	chrM	784	0	1.0	25
	chrM	784	0	3.0	26
	chrM	784	0	3.0	28
	chrM	784	0	2.0	30
	chrM	784	0	2.0	31
	chrM	784	0	4.0	32
	chrM	784	0	3.0	34
	chrM	784	0	4.0	39
	chrM	784	0	5.0	43
	chrM	784	0	1.0	44
	chrM	784	0	1.0	45
	chrM	785	0	1.0	38
	chrM	785	0	1.0	40
	chrM	786	0	1.0	42
	chrM	787	0	1.0	32
	chrM	787	0	1.0	40
	chrM	787	0	1.0	51
	chrM	788	0	1.0	15
	chrM	788	0	2.0	21
	chrM	788	0	1.0	35
	chrM	788	0	4.0	39
	chrM	789	0	2.0	20
	chrM	789	0	1.0	35
	chrM	789	0	2.0	38
	chrM	789	0	1.0	41
	chrM	792	1	1.0	16
	chrM	792	1	2.0	18
	chrM	792	1	1.0	27
	chrM	793	1	1.0	34
	chrM	793	1	1.0	51
	chrM	794	1	1.0	34
	chrM	794	1	1.0	41
	chrM	794	1	1.0	51
	chrM	796	1	1.0	21
	chrM	799	1	1.0	34
	chrM	802	1	1.0	31
	chrM	808	1	1.0	23
	chrM	813	1	1.0	48
	chrM	1022	0	1.0	51
	chrM	1026	0	2.0	51
	chrM	1030	0	1.0	40
	chrM	1030	0	3.0	41
	chrM	1030	0	3.0	46
	chrM	1033	0	1.0	38
	chrM	1033	0	1.0	40
	chrM	1033	0	1.0	43
	chrM	1037	0	1.0	51
	chrM	1038	0	2.0	51
	chrM	1039	0	1.0	47
	chrM	1040	0	1.0	33
	chrM	1041	0	2.0	51
	chrM	1043	0	1.0	30
	chrM	1044	0	1.0	48
	chrM	1046	0	1.0	30
	chrM	1046	0	2.0	51
	chrM	1049	0	2.0	51
	chrM	1050	0	4.0	51
	chrM	1051	0	4.0	20
	chrM	1051	0	1.0	22
	chrM	1051	0	1.0	25
	chrM	1051	0	1.0	28
	chrM	1051	0	1.0	35
	chrM	1051	0	3.0	41
	chrM	1051	0	1.0	51
	chrM	1052	0	1.0	24
	chrM	1052	0	1.0	34
	chrM	1056	0	1.0	18
	chrM	1056	0	1.0	47
	chrM	1058	0	2.0	51
	chrM	1059	0	1.0	20
	chrM	1059	0	1.0	38
	chrM	1060	0	1.0	31
	chrM	1061	0	1.0	26
	chrM	1061	0	1.0	31
	chrM	1064	0	1.0	28
	chrM	1064	0	1.0	30
	chrM	1064	0	1.0	32
	chrM	1065	0	1.0	40
	chrM	1067	0	1.0	19
	chrM	1067	0	1.0	24
	chrM	1067	0	2.0	25
	chrM	1067	0	2.0	26
	chrM	1067	0	2.0	29
	chrM	1067	0	2.0	32
	chrM	1067	0	1.0	33
	chrM	1067	0	2.0	35
	chrM	1067	0	1.0	40
	chrM	1067	0	1.0	41
	chrM	1067	0	1.0	42
	chrM	1068	0	1.0	4
	chrM	1068	0	4.0	51
	chrM	1070	1	1.0	24
	chrM	1072	1	1.0	21
	chrM	1072	1	1.0	44
	chrM	1083	1	1.0	51
	chrM	1086	1	1.0	19
	chrM	1087	1	1.0	21
	chrM	1087	1	1.0	22
	chrM	1087	1	2.0	24
	chrM	1090	1	1.0	23
	chrM	1091	1	1.0	26
	chrM	1091	1	1.0	28
	chrM	1091	1	1.0	47
	chrM	1098	1	1.0	35
	chrM	1101	1	1.0	41
	chrM	1105	0	1.0	51
	chrM	1106	0	1.0	51
	chrM	1109	0	3.0	51
	chrM	1110	0	1.0	47
	chrM	1110	0	1.0	51
	chrM	1114	1	1.0	51
	chrM	1120	0	1.0	40
	chrM	1123	0	1.0	34
	chrM	1124	0	1.0	31
	chrM	1124	0	1.0	32
	chrM	1125	0	1.0	32
	chrM	1129	0	1.0	46
	chrM	1130	0	1.0	26
	chrM	1131	0	2.0	24
	chrM	1131	0	1.0	26
	chrM	1133	0	2.0	23
	chrM	1133	0	2.0	24
	chrM	1133	0	1.0	25
	chrM	1134	0	1.0	23
	chrM	1134	0	1.0	51
	chrM	1135	0	1.0	20
	chrM	1136	0	1.0	19
	chrM	1136	0	1.0	20
	chrM	1136	0	1.0	21
	chrM	1137	0	1.0	18
	chrM	1138	0	1.0	22
	chrM	1138	0	1.0	47
	chrM	1139	0	1.0	34
	chrM	1140	0	1.0	20
	chrM	1140	0	1.0	51
	chrM	1141	0	1.0	32
	chrM	1141	0	1.0	41
	chrM	1143	0	1.0	42
	chrM	1144	0	1.0	41
	chrM	1146	0	2.0	29
	chrM	1149	0	2.0	33
	chrM	1149	0	1.0	36
	chrM	1150	0	1.0	38
	chrM	1150	0	1.0	39
	chrM	1151	0	1.0	51
	chrM	1152	0	1.0	23
	chrM	1153	0	1.0	20
	chrM	1155	1	1.0	20
	chrM	1168	1	4.0	20
	chrM	1172	1	1.0	25
	chrM	1172	1	2.0	27
	chrM	1174	1	1.0	23
	chrM	1462	0	2.0	51
	chrM	1463	0	1.0	51
	chrM	1464	0	3.0	51
	chrM	1468	0	1.0	51
	chrM	1469	0	1.0	45
	chrM	1469	0	1.0	46
	chrM	1470	0	2.0	51
	chrM	1472	0	3.0	41
	chrM	1472	0	1.0	42
	chrM	1472	0	7.0	51
	chrM	1473	0	1.0	49
	chrM	1474	0	2.0	40
	chrM	1474	0	3.0	41
	chrM	1474	0	3.0	47
	chrM	1474	0	4.0	51
	chrM	1475	0	1.0	44
	chrM	1475	0	1.0	48
	chrM	1475	0	6.0	51
	chrM	1476	0	2.0	47
	chrM	1477	0	1.0	37
	chrM	1477	0	15.0	51
	chrM	1478	0	2.0	35
	chrM	1479	0	2.0	51
	chrM	1480	0	9.0	51
	chrM	1481	0	3.0	32
	chrM	1481	0	2.0	33
	chrM	1481	0	4.0	34
	chrM	1481	0	2.0	42
	chrM	1481	0	1.0	43
	chrM	1481	0	1.0	44
	chrM	1481	0	2.0	47
	chrM	1481	0	8.0	51
	chrM	1482	0	7.0	51
	chrM	1483	0	1.0	40
	chrM	1483	0	2.0	51
	chrM	1484	0	1.0	30
	chrM	1484	0	1.0	39
	chrM	1484	0	1.0	47
	chrM	1484	0	2.0	51
	chrM	1485	0	1.0	51
	chrM	1486	0	1.0	46
	chrM	1487	0	1.0	36
	chrM	1487	0	1.0	41
	chrM	1487	0	1.0	45
	chrM	1488	0	1.0	25
	chrM	1488	0	2.0	26
	chrM	1488	0	1.0	29
	chrM	1488	0	1.0	33
	chrM	1488	0	6.0	35
	chrM	1488	0	1.0	37
	chrM	1488	0	1.0	39
	chrM	1488	0	1.0	40
	chrM	1489	0	1.0	28
	chrM	1489	0	1.0	29
	chrM	1490	0	1.0	31
	chrM	1491	0	1.0	22
	chrM	1491	0	1.0	26
	chrM	1491	0	2.0	28
	chrM	1491	0	1.0	34
	chrM	1491	0	1.0	40
	chrM	1491	0	1.0	41
	chrM	1492	0	1.0	31
	chrM	1492	0	1.0	40
	chrM	1492	0	1.0	42
	chrM	1492	0	1.0	43
	chrM	1493	0	1.0	21
	chrM	1493	0	1.0	23
	chrM	1493	0	1.0	51
	chrM	1494	0	3.0	19
	chrM	1494	0	3.0	20
	chrM	1494	0	1.0	21
	chrM	1494	0	4.0	33
	chrM	1494	0	1.0	39
	chrM	1494	0	1.0	41
	chrM	1495	0	1.0	19
	chrM	1495	0	1.0	22
	chrM	1495	0	2.0	28
	chrM	1495	0	1.0	33
	chrM	1495	0	2.0	37
	chrM	1495	0	2.0	38
	chrM	1496	0	1.0	51
	chrM	1497	0	26.0	17
	chrM	1497	0	18.0	18
	chrM	1497	0	4.0	19
	chrM	1497	0	3.0	20
	chrM	1497	0	2.0	22
	chrM	1497	0	1.0	23
	chrM	1497	0	2.0	24
	chrM	1497	0	20.0	26
	chrM	1497	0	6.0	28
	chrM	1497	0	12.0	29
	chrM	1497	0	1.0	30
	chrM	1497	0	4.0	31
	chrM	1497	0	1.0	32
	chrM	1497	0	8.0	34
	chrM	1497	0	1.0	35
	chrM	1497	0	2.0	36
	chrM	1497	0	3.0	37
	chrM	1497	0	1.0	38
	chrM	1497	0	1.0	39
	chrM	1497	0	1.0	47
	chrM	1497	0	1.0	51
	chrM	1498	0	1.0	17
	chrM	1498	0	1.0	30
	chrM	1498	0	1.0	37
	chrM	1500	0	1.0	23
	chrM	1500	0	1.0	33
	chrM	1500	0	1.0	34
	chrM	1500	0	4.0	51
	chrM	1501	0	3.0	22
	chrM	1501	0	1.0	33
	chrM	1502	0	2.0	17
	chrM	1502	0	14.0	19
	chrM	1502	0	4.0	21
	chrM	1502	0	1.0	22
	chrM	1502	0	6.0	23
	chrM	1502	0	9.0	24
	chrM	1502	0	3.0	26
	chrM	1502	0	2.0	28
	chrM	1502	0	9.0	29
	chrM	1502	0	7.0	30
	chrM	1502	0	5.0	31
	chrM	1502	0	4.0	32
	chrM	1502	0	1.0	33
	chrM	1502	0	1.0	34
	chrM	1502	0	1.0	40
	chrM	1502	0	1.0	41
	chrM	1503	0	1.0	16
	chrM	1503	0	1.0	24
	chrM	1503	0	22.0	51
	chrM	1504	0	5.0	17
	chrM	1504	0	2.0	19
	chrM	1504	0	1.0	22
	chrM	1504	0	3.0	23
	chrM	1504	0	1.0	24
	chrM	1504	0	1.0	26
	chrM	1504	0	1.0	27
	chrM	1504	0	1.0	28
	chrM	1504	0	1.0	31
	chrM	1504	0	1.0	32
	chrM	1504	0	1.0	43
	chrM	1504	0	4.0	51
	chrM	1506	0	1.0	26
	chrM	1506	0	1.0	48
	chrM	1506	0	2.0	51
	chrM	1507	0	2.0	16
	chrM	1507	0	1.0	21
	chrM	1507	0	1.0	26
	chrM	1507	0	1.0	28
	chrM	1507	0	1.0	47
	chrM	1508	0	1.0	24
	chrM	1509	0	1.0	24
	chrM	1509	0	1.0	48
	chrM	1510	0	1.0	18
	chrM	1510	0	3.0	20
	chrM	1510	0	1.0	21
	chrM	1510	0	1.0	22
	chrM	1510	0	1.0	23
	chrM	1510	0	1.0	25
	chrM	1510	0	1.0	41
	chrM	1511	0	1.0	37
	chrM	1511	0	2.0	51
	chrM	1512	0	1.0	22
	chrM	1512	0	1.0	51
	chrM	1512	1	7.0	17
	chrM	1512	1	18.0	18
	chrM	1512	1	3.0	25
	chrM	1512	1	1.0	28
	chrM	1512	1	2.0	31
	chrM	1512	1	2.0	32
	chrM	1512	1	2.0	34
	chrM	1513	1	1.0	16
	chrM	1513	1	2.0	17
	chrM	1513	1	14.0	19
	chrM	1513	1	2.0	35
	chrM	1517	1	1.0	23
	chrM	1518	1	1.0	34
	chrM	1518	1	1.0	51
	chrM	1519	1	1.0	23
	chrM	1519	1	1.0	51
	chrM	1520	1	9.0	17
	chrM	1520	1	1.0	19
	chrM	1520	1	2.0	23
	chrM	1520	1	1.0	24
	chrM	1520	1	6.0	26
	chrM	1520	1	1.0	28
	chrM	1520	1	1.0	40
	chrM	1520	1	1.0	42
	chrM	1521	1	1.0	25
	chrM	1521	1	2.0	41
	chrM	1522	1	4.0	17
	chrM	1522	1	7.0	18
	chrM	1522	1	5.0	19
	chrM	1522	1	1.0	21
	chrM	1522	1	1.0	26
	chrM	1522	1	3.0	28
	chrM	1522	1	2.0	44
	chrM	1523	1	5.0	16
	chrM	1523	1	2.0	19
	chrM	1523	1	3.0	20
	chrM	1523	1	1.0	23
	chrM	1523	1	1.0	27
	chrM	1523	1	2.0	45
	chrM	1524	1	1.0	17
	chrM	1524	1	1.0	19
	chrM	1524	1	2.0	21
	chrM	1525	1	1.0	22
	chrM	1526	1	1.0	21
	chrM	1527	1	6.0	18
	chrM	1527	1	1.0	20
	chrM	1527	1	1.0	22
	chrM	1527	1	1.0	24
	chrM	1527	1	1.0	31
	chrM	1527	1	1.0	33
	chrM	1528	1	1.0	23
	chrM	1528	1	1.0	32
	chrM	1529	1	4.0	20
	chrM	1529	1	3.0	51
	chrM	1530	1	4.0	21
	chrM	1530	1	1.0	23
	chrM	1530	1	1.0	35
	chrM	1531	1	1.0	22
	chrM	1532	1	1.0	28
	chrM	1532	1	1.0	44
	chrM	1532	1	4.0	48
	chrM	1532	1	2.0	51
	chrM	1533	1	1.0	24
	chrM	1533	1	3.0	26
	chrM	1533	1	2.0	30
	chrM	1533	1	3.0	32
	chrM	1533	1	3.0	33
	chrM	1533	1	1.0	37
	chrM	1533	1	2.0	39
	chrM	1534	1	3.0	25
	chrM	1540	1	1.0	30
	chrM	1540	1	2.0	31
	chrM	1540	1	1.0	33
	chrM	1540	1	1.0	35
	chrM	1540	1	2.0	37
	chrM	1540	1	1.0	46
	chrM	1544	1	1.0	35
	chrM	1544	1	1.0	39
	chrM	1544	1	1.0	47
	chrM	1545	1	2.0	36
	chrM	1545	1	2.0	38
	chrM	1545	1	1.0	51
	chrM	1546	1	1.0	35
	chrM	1546	1	1.0	37
	chrM	1546	1	1.0	43
	chrM	1546	1	1.0	45
	chrM	1546	1	1.0	51
	chrM	1552	1	1.0	51
	chrM	1554	1	1.0	45
	chrM	1554	1	1.0	51
	chrM	1626	0	2.0	51
	chrM	1627	0	1.0	51
	chrM	1628	0	1.0	51
	chrM	1629	0	1.0	51
	chrM	1635	0	1.0	29
	chrM	1635	0	1.0	42
	chrM	1635	0	1.0	45
	chrM	1636	0	2.0	51
	chrM	1638	0	2.0	51
	chrM	1641	0	1.0	51
	chrM	1643	0	1.0	51
	chrM	1645	0	3.0	33
	chrM	1646	0	1.0	51
	chrM	1647	0	1.0	17
	chrM	1647	0	1.0	40
	chrM	1647	0	1.0	45
	chrM	1649	0	1.0	4
	chrM	1649	0	1.0	29
	chrM	1649	0	1.0	30
	chrM	1649	0	2.0	31
	chrM	1649	0	5.0	38
	chrM	1649	0	1.0	43
	chrM	1649	0	3.0	47
	chrM	1650	0	1.0	37
	chrM	1652	0	2.0	51
	chrM	1653	0	2.0	41
	chrM	1653	0	2.0	51
	chrM	1655	0	1.0	51
	chrM	1656	0	1.0	31
	chrM	1657	0	2.0	21
	chrM	1657	0	1.0	23
	chrM	1657	0	1.0	51
	chrM	1658	0	3.0	19
	chrM	1659	0	1.0	33
	chrM	1659	0	2.0	51
	chrM	1660	0	1.0	18
	chrM	1660	0	2.0	44
	chrM	1661	0	1.0	26
	chrM	1661	0	2.0	43
	chrM	1662	0	2.0	18
	chrM	1662	0	3.0	25
	chrM	1662	0	3.0	34
	chrM	1662	0	1.0	36
	chrM	1663	0	1.0	24
	chrM	1664	0	2.0	25
	chrM	1665	0	5.0	22
	chrM	1665	0	1.0	27
	chrM	1665	0	1.0	31
	chrM	1665	0	1.0	41
	chrM	1665	0	5.0	51
	chrM	1666	0	4.0	21
	chrM	1666	0	1.0	23
	chrM	1666	0	1.0	30
	chrM	1666	0	1.0	40
	chrM	1666	0	1.0	51
	chrM	1667	0	6.0	20
	chrM	1668	0	4.0	19
	chrM	1668	0	1.0	25
	chrM	1668	0	1.0	26
	chrM	1669	0	5.0	18
	chrM	1669	0	3.0	29
	chrM	1669	0	1.0	35
	chrM	1670	0	1.0	17
	chrM	1670	0	1.0	19
	chrM	1670	0	1.0	51
	chrM	1671	0	1.0	16
	chrM	1671	0	3.0	26
	chrM	1671	0	1.0	27
	chrM	1672	0	18.0	15
	chrM	1672	0	1.0	17
	chrM	1672	0	1.0	20
	chrM	1672	0	6.0	22
	chrM	1672	0	1.0	23
	chrM	1672	0	9.0	24
	chrM	1672	0	1.0	25
	chrM	1672	0	2.0	29
	chrM	1672	0	1.0	30
	chrM	1672	0	1.0	31
	chrM	1672	0	2.0	32
	chrM	1672	0	2.0	37
	chrM	1672	0	2.0	41
	chrM	1672	0	2.0	44
	chrM	1672	0	2.0	45
	chrM	1672	0	1.0	48
	chrM	1673	0	3.0	19
	chrM	1673	0	1.0	20
	chrM	1673	0	2.0	28
	chrM	1673	0	1.0	31
	chrM	1673	0	1.0	43
	chrM	1674	0	1.0	18
	chrM	1674	0	1.0	20
	chrM	1674	0	1.0	24
	chrM	1674	0	2.0	28
	chrM	1674	0	1.0	30
	chrM	1674	0	3.0	42
	chrM	1674	0	1.0	51
	chrM	1674	1	2.0	18
	chrM	1674	1	2.0	29
	chrM	1674	1	1.0	33
	chrM	1677	1	1.0	13
	chrM	1677	1	1.0	19
	chrM	1678	1	1.0	19
	chrM	1679	1	2.0	19
	chrM	1679	1	1.0	35
	chrM	1679	1	1.0	38
	chrM	1681	1	1.0	41
	chrM	1682	1	1.0	18
	chrM	1682	1	1.0	19
	chrM	1682	1	1.0	23
	chrM	1683	1	2.0	42
	chrM	1686	1	2.0	23
	chrM	1686	1	1.0	25
	chrM	1686	1	3.0	30
	chrM	1686	1	2.0	40
	chrM	1686	1	1.0	41
	chrM	1686	1	1.0	45
	chrM	1686	1	1.0	46
	chrM	1687	1	1.0	31
	chrM	1687	1	3.0	41
	chrM	1687	1	1.0	47
	chrM	1688	1	2.0	26
	chrM	1688	1	1.0	32
	chrM	1688	1	1.0	42
	chrM	1688	1	1.0	48
	chrM	1690	1	1.0	44
	chrM	1691	1	1.0	20
	chrM	1691	1	1.0	41
	chrM	1691	1	4.0	45
	chrM	1691	1	3.0	51
	chrM	1692	1	1.0	21
	chrM	1692	1	1.0	33
	chrM	1692	1	3.0	51
	chrM	1695	1	1.0	34
	chrM	1695	1	1.0	39
	chrM	1696	1	2.0	51
	chrM	1697	1	2.0	51
	chrM	1700	1	1.0	44
	chrM	1701	1	1.0	42
	chrM	1701	1	1.0	45
	chrM	1708	1	1.0	48
	chrM	1710	1	1.0	51
	chrM	1713	1	1.0	51
	chrM	1729	0	3.0	51
	chrM	1730	0	1.0	51
	chrM	1731	0	3.0	51
	chrM	1735	0	1.0	45
	chrM	1735	0	3.0	51
	chrM	1736	0	1.0	46
	chrM	1737	0	1.0	51
	chrM	1738	0	2.0	44
	chrM	1738	0	3.0	48
	chrM	1738	0	1.0	51
	chrM	1739	0	1.0	43
	chrM	1741	0	6.0	51
	chrM	1742	0	1.0	48
	chrM	1742	0	1.0	51
	chrM	1743	0	1.0	43
	chrM	1744	0	1.0	38
	chrM	1744	0	1.0	46
	chrM	1744	0	1.0	51
	chrM	1745	0	2.0	51
	chrM	1746	0	2.0	36
	chrM	1746	0	1.0	46
	chrM	1746	0	1.0	51
	chrM	1747	0	1.0	39
	chrM	1747	0	2.0	51
	chrM	1748	0	1.0	39
	chrM	1748	0	2.0	44
	chrM	1748	0	3.0	51
	chrM	1749	0	1.0	41
	chrM	1749	0	2.0	43
	chrM	1749	0	3.0	51
	chrM	1751	0	1.0	39
	chrM	1752	0	1.0	34
	chrM	1752	0	3.0	35
	chrM	1752	0	1.0	38
	chrM	1752	0	2.0	40
	chrM	1753	0	1.0	28
	chrM	1753	0	1.0	45
	chrM	1753	0	1.0	48
	chrM	1755	0	1.0	37
	chrM	1755	0	14.0	51
	chrM	1756	0	1.0	30
	chrM	1756	0	1.0	36
	chrM	1757	0	1.0	25
	chrM	1757	0	1.0	51
	chrM	1758	0	3.0	24
	chrM	1758	0	2.0	28
	chrM	1758	0	1.0	29
	chrM	1758	0	2.0	34
	chrM	1758	0	5.0	51
	chrM	1759	0	2.0	23
	chrM	1759	0	1.0	27
	chrM	1759	0	2.0	31
	chrM	1759	0	1.0	34
	chrM	1759	0	1.0	37
	chrM	1760	0	3.0	26
	chrM	1760	0	1.0	32
	chrM	1760	0	1.0	40
	chrM	1761	0	1.0	25
	chrM	1761	0	1.0	26
	chrM	1761	0	2.0	29
	chrM	1761	0	5.0	31
	chrM	1761	0	2.0	34
	chrM	1761	0	1.0	38
	chrM	1761	0	1.0	45
	chrM	1762	0	3.0	20
	chrM	1762	0	3.0	22
	chrM	1762	0	7.0	24
	chrM	1762	0	4.0	25
	chrM	1762	0	2.0	27
	chrM	1762	0	5.0	28
	chrM	1762	0	2.0	29
	chrM	1762	0	11.0	30
	chrM	1762	0	3.0	32
	chrM	1762	0	2.0	33
	chrM	1762	0	3.0	34
	chrM	1762	0	1.0	35
	chrM	1762	0	1.0	36
	chrM	1762	0	2.0	37
	chrM	1762	0	1.0	38
	chrM	1762	0	1.0	41
	chrM	1762	0	2.0	44
	chrM	1762	0	2.0	47
	chrM	1762	0	6.0	51
	chrM	1763	0	2.0	23
	chrM	1763	0	1.0	26
	chrM	1763	0	3.0	27
	chrM	1763	0	5.0	29
	chrM	1763	0	1.0	31
	chrM	1763	0	2.0	35
	chrM	1763	0	4.0	43
	chrM	1764	0	1.0	22
	chrM	1764	0	1.0	23
	chrM	1764	0	1.0	25
	chrM	1764	0	2.0	26
	chrM	1764	0	1.0	28
	chrM	1764	0	2.0	32
	chrM	1764	0	1.0	35
	chrM	1764	0	1.0	42
	chrM	1764	0	3.0	51
	chrM	1765	0	3.0	17
	chrM	1765	0	1.0	19
	chrM	1765	0	2.0	21
	chrM	1765	0	6.0	22
	chrM	1765	0	1.0	25
	chrM	1765	0	17.0	27
	chrM	1765	0	1.0	29
	chrM	1765	0	1.0	30
	chrM	1765	0	9.0	31
	chrM	1765	0	2.0	33
	chrM	1765	0	4.0	34
	chrM	1765	0	1.0	35
	chrM	1765	0	2.0	38
	chrM	1765	0	1.0	41
	chrM	1765	0	1.0	44
	chrM	1765	0	1.0	48
	chrM	1766	0	2.0	19
	chrM	1766	0	1.0	20
	chrM	1766	0	2.0	21
	chrM	1766	0	1.0	23
	chrM	1766	0	1.0	24
	chrM	1766	0	1.0	25
	chrM	1766	0	5.0	26
	chrM	1766	0	3.0	29
	chrM	1766	0	1.0	30
	chrM	1766	0	1.0	33
	chrM	1766	0	1.0	34
	chrM	1766	0	3.0	43
	chrM	1767	0	1.0	16
	chrM	1767	0	8.0	19
	chrM	1767	0	2.0	20
	chrM	1767	0	1.0	22
	chrM	1767	0	2.0	24
	chrM	1767	0	15.0	25
	chrM	1767	0	1.0	28
	chrM	1767	0	5.0	29
	chrM	1767	0	3.0	31
	chrM	1767	0	3.0	32
	chrM	1767	0	2.0	33
	chrM	1767	0	1.0	34
	chrM	1767	0	1.0	36
	chrM	1767	0	2.0	39
	chrM	1767	0	2.0	42
	chrM	1767	0	1.0	46
	chrM	1768	0	1.0	18
	chrM	1768	0	2.0	19
	chrM	1768	0	2.0	21
	chrM	1768	0	9.0	24
	chrM	1768	0	1.0	27
	chrM	1768	0	3.0	28
	chrM	1768	0	1.0	30
	chrM	1768	0	1.0	38
	chrM	1768	0	1.0	49
	chrM	1768	0	1.0	51
	chrM	1769	0	2.0	15
	chrM	1769	0	1.0	17
	chrM	1769	0	1.0	19
	chrM	1769	0	2.0	21
	chrM	1769	0	4.0	23
	chrM	1769	0	4.0	24
	chrM	1769	0	2.0	25
	chrM	1769	0	1.0	26
	chrM	1769	0	2.0	27
	chrM	1769	0	1.0	28
	chrM	1769	0	2.0	29
	chrM	1769	0	2.0	34
	chrM	1769	0	3.0	37
	chrM	1769	0	1.0	44
	chrM	1770	0	3.0	16
	chrM	1770	0	4.0	17
	chrM	1770	0	2.0	18
	chrM	1770	0	5.0	20
	chrM	1770	0	8.0	22
	chrM	1770	0	2.0	23
	chrM	1770	0	3.0	26
	chrM	1770	0	5.0	30
	chrM	1770	0	3.0	36
	chrM	1770	0	2.0	43
	chrM	1770	0	8.0	51
	chrM	1771	0	2.0	15
	chrM	1771	0	1.0	17
	chrM	1771	0	9.0	19
	chrM	1771	0	12.0	21
	chrM	1771	0	3.0	23
	chrM	1771	0	1.0	25
	chrM	1771	0	2.0	27
	chrM	1771	0	3.0	29
	chrM	1771	0	1.0	30
	chrM	1771	0	2.0	35
	chrM	1771	0	12.0	51
	chrM	1772	0	7.0	15
	chrM	1772	0	1.0	17
	chrM	1772	0	15.0	18
	chrM	1772	0	2.0	19
	chrM	1772	0	31.0	20
	chrM	1772	0	4.0	22
	chrM	1772	0	4.0	23
	chrM	1772	0	7.0	24
	chrM	1772	0	2.0	26
	chrM	1772	0	1.0	27
	chrM	1772	0	2.0	28
	chrM	1772	0	5.0	31
	chrM	1772	0	1.0	33
	chrM	1772	0	7.0	34
	chrM	1772	0	1.0	37
	chrM	1772	0	1.0	41
	chrM	1772	0	5.0	51
	chrM	1773	0	1.0	15
	chrM	1773	0	1.0	16
	chrM	1773	0	2.0	17
	chrM	1773	0	20.0	19
	chrM	1773	0	2.0	21
	chrM	1773	0	4.0	22
	chrM	1773	0	9.0	23
	chrM	1773	0	2.0	25
	chrM	1773	0	3.0	26
	chrM	1773	0	2.0	27
	chrM	1773	0	1.0	28
	chrM	1773	0	1.0	30
	chrM	1773	0	5.0	33
	chrM	1773	0	3.0	36
	chrM	1773	0	1.0	40
	chrM	1773	0	1.0	48
	chrM	1773	0	3.0	51
	chrM	1774	0	1.0	15
	chrM	1774	0	2.0	16
	chrM	1774	0	10.0	18
	chrM	1774	0	1.0	19
	chrM	1774	0	1.0	22
	chrM	1774	0	2.0	24
	chrM	1774	0	1.0	27
	chrM	1774	0	1.0	29
	chrM	1774	0	1.0	34
	chrM	1775	0	11.0	15
	chrM	1775	0	6.0	16
	chrM	1775	0	58.0	17
	chrM	1775	0	3.0	19
	chrM	1775	0	1.0	20
	chrM	1775	0	5.0	21
	chrM	1775	0	7.0	23
	chrM	1775	0	6.0	24
	chrM	1775	0	1.0	25
	chrM	1775	0	2.0	26
	chrM	1775	0	4.0	28
	chrM	1775	0	5.0	31
	chrM	1775	0	1.0	33
	chrM	1775	0	2.0	34
	chrM	1775	0	1.0	38
	chrM	1775	0	1.0	39
	chrM	1775	0	2.0	46
	chrM	1776	0	11.0	16
	chrM	1776	0	3.0	18
	chrM	1776	0	1.0	19
	chrM	1776	0	3.0	20
	chrM	1776	0	2.0	23
	chrM	1776	0	1.0	24
	chrM	1776	0	3.0	27
	chrM	1776	0	1.0	28
	chrM	1776	0	5.0	30
	chrM	1776	0	1.0	37
	chrM	1777	0	8.0	15
	chrM	1777	0	2.0	17
	chrM	1777	0	1.0	18
	chrM	1777	0	5.0	19
	chrM	1777	0	2.0	21
	chrM	1777	0	1.0	22
	chrM	1777	0	1.0	23
	chrM	1777	0	5.0	26
	chrM	1777	0	6.0	29
	chrM	1777	0	1.0	32
	chrM	1777	0	2.0	36
	chrM	1777	0	1.0	42
	chrM	1778	0	1.0	16
	chrM	1778	0	2.0	17
	chrM	1778	0	8.0	18
	chrM	1778	0	10.0	20
	chrM	1778	0	1.0	21
	chrM	1778	0	2.0	22
	chrM	1778	0	4.0	25
	chrM	1778	0	1.0	27
	chrM	1778	0	2.0	28
	chrM	1778	0	4.0	31
	chrM	1779	0	2.0	17
	chrM	1779	0	2.0	18
	chrM	1779	0	2.0	19
	chrM	1779	0	4.0	20
	chrM	1779	0	2.0	22
	chrM	1779	0	2.0	24
	chrM	1779	0	2.0	27
	chrM	1779	0	6.0	30
	chrM	1779	0	1.0	31
	chrM	1779	0	1.0	34
	chrM	1779	0	1.0	43
	chrM	1779	0	1.0	44
	chrM	1779	1	1.0	18
	chrM	1780	1	3.0	16
	chrM	1780	1	1.0	26
	chrM	1781	1	1.0	20
	chrM	1781	1	1.0	27
	chrM	1781	1	1.0	37
	chrM	1781	1	1.0	51
	chrM	1782	1	1.0	33
	chrM	1783	1	1.0	29
	chrM	1784	1	1.0	16
	chrM	1784	1	3.0	23
	chrM	1785	1	3.0	16
	chrM	1785	1	1.0	24
	chrM	1786	1	9.0	17
	chrM	1786	1	2.0	18
	chrM	1786	1	2.0	22
	chrM	1786	1	1.0	25
	chrM	1787	1	1.0	18
	chrM	1787	1	2.0	33
	chrM	1788	1	1.0	15
	chrM	1788	1	10.0	19
	chrM	1788	1	1.0	21
	chrM	1788	1	1.0	22
	chrM	1788	1	1.0	23
	chrM	1788	1	2.0	28
	chrM	1788	1	1.0	34
	chrM	1788	1	1.0	37
	chrM	1788	1	1.0	51
	chrM	1789	1	1.0	15
	chrM	1789	1	1.0	17
	chrM	1789	1	7.0	20
	chrM	1789	1	3.0	21
	chrM	1789	1	1.0	23
	chrM	1789	1	1.0	28
	chrM	1789	1	2.0	35
	chrM	1789	1	8.0	51
	chrM	1790	1	46.0	15
	chrM	1790	1	1.0	16
	chrM	1790	1	3.0	21
	chrM	1790	1	1.0	24
	chrM	1791	1	127.0	16
	chrM	1791	1	3.0	17
	chrM	1791	1	6.0	22
	chrM	1791	1	2.0	25
	chrM	1791	1	1.0	29
	chrM	1791	1	3.0	30
	chrM	1791	1	1.0	37
	chrM	1791	1	3.0	51
	chrM	1792	1	2.0	16
	chrM	1792	1	176.0	17
	chrM	1792	1	6.0	18
	chrM	1792	1	1.0	19
	chrM	1792	1	1.0	20
	chrM	1792	1	1.0	21
	chrM	1792	1	9.0	23
	chrM	1792	1	2.0	24
	chrM	1792	1	3.0	28
	chrM	1792	1	2.0	30
	chrM	1792	1	4.0	31
	chrM	1792	1	1.0	51
	chrM	1793	1	1.0	16
	chrM	1793	1	2.0	17
	chrM	1793	1	122.0	18
	chrM	1793	1	3.0	19
	chrM	1793	1	1.0	22
	chrM	1793	1	13.0	24
	chrM	1793	1	3.0	25
	chrM	1793	1	3.0	29
	chrM	1793	1	1.0	32
	chrM	1793	1	1.0	36
	chrM	1793	1	1.0	38
	chrM	1793	1	1.0	39
	chrM	1793	1	2.0	51
	chrM	1794	1	241.0	16
	chrM	1794	1	1.0	17
	chrM	1794	1	129.0	19
	chrM	1794	1	4.0	20
	chrM	1794	1	1.0	21
	chrM	1794	1	11.0	25
	chrM	1794	1	6.0	26
	chrM	1794	1	4.0	30
	chrM	1794	1	1.0	33
	chrM	1794	1	1.0	37
	chrM	1794	1	1.0	40
	chrM	1795	1	390.0	17
	chrM	1795	1	1.0	18
	chrM	1795	1	1.0	19
	chrM	1795	1	137.0	20
	chrM	1795	1	2.0	21
	chrM	1795	1	1.0	22
	chrM	1795	1	2.0	24
	chrM	1795	1	15.0	26
	chrM	1795	1	2.0	27
	chrM	1795	1	1.0	28
	chrM	1795	1	1.0	29
	chrM	1795	1	2.0	41
	chrM	1795	1	2.0	51
	chrM	1796	1	815.0	18
	chrM	1796	1	5.0	19
	chrM	1796	1	12.0	20
	chrM	1796	1	119.0	21
	chrM	1796	1	3.0	22
	chrM	1796	1	2.0	24
	chrM	1796	1	1.0	25
	chrM	1796	1	10.0	27
	chrM	1796	1	2.0	28
	chrM	1796	1	1.0	29
	chrM	1796	1	5.0	30
	chrM	1796	1	1.0	32
	chrM	1796	1	4.0	35
	chrM	1796	1	1.0	39
	chrM	1796	1	1.0	42
	chrM	1797	1	145.0	19
	chrM	1797	1	1.0	20
	chrM	1797	1	1.0	21
	chrM	1797	1	71.0	22
	chrM	1797	1	7.0	23
	chrM	1797	1	6.0	28
	chrM	1797	1	4.0	29
	chrM	1798	0	2.0	51
	chrM	1798	1	159.0	20
	chrM	1798	1	3.0	21
	chrM	1798	1	4.0	22
	chrM	1798	1	57.0	23
	chrM	1798	1	1.0	28
	chrM	1798	1	7.0	29
	chrM	1798	1	4.0	30
	chrM	1798	1	4.0	32
	chrM	1798	1	2.0	34
	chrM	1798	1	1.0	51
	chrM	1799	0	1.0	51
	chrM	1799	1	1.0	12
	chrM	1799	1	528.0	21
	chrM	1799	1	3.0	22
	chrM	1799	1	3.0	23
	chrM	1799	1	190.0	24
	chrM	1799	1	5.0	25
	chrM	1799	1	2.0	26
	chrM	1799	1	1.0	27
	chrM	1799	1	14.0	30
	chrM	1799	1	5.0	31
	chrM	1799	1	1.0	32
	chrM	1799	1	1.0	33
	chrM	1799	1	2.0	35
	chrM	1799	1	1.0	36
	chrM	1799	1	2.0	37
	chrM	1799	1	5.0	38
	chrM	1799	1	1.0	45
	chrM	1800	0	7.0	51
	chrM	1800	1	219.0	22
	chrM	1800	1	4.0	23
	chrM	1800	1	3.0	24
	chrM	1800	1	94.0	25
	chrM	1800	1	1.0	26
	chrM	1800	1	2.0	27
	chrM	1800	1	4.0	31
	chrM	1800	1	2.0	32
	chrM	1800	1	1.0	39
	chrM	1800	1	1.0	51
	chrM	1801	0	2.0	51
	chrM	1801	1	366.0	23
	chrM	1801	1	8.0	25
	chrM	1801	1	122.0	26
	chrM	1801	1	7.0	27
	chrM	1801	1	1.0	30
	chrM	1801	1	8.0	32
	chrM	1801	1	4.0	34
	chrM	1801	1	2.0	35
	chrM	1801	1	1.0	39
	chrM	1801	1	1.0	40
	chrM	1801	1	2.0	42
	chrM	1802	0	1.0	47
	chrM	1802	0	1.0	48
	chrM	1802	0	14.0	51
	chrM	1802	1	635.0	24
	chrM	1802	1	3.0	25
	chrM	1802	1	8.0	26
	chrM	1802	1	299.0	27
	chrM	1802	1	7.0	28
	chrM	1802	1	1.0	30
	chrM	1802	1	1.0	32
	chrM	1802	1	26.0	33
	chrM	1802	1	4.0	34
	chrM	1802	1	9.0	36
	chrM	1802	1	1.0	37
	chrM	1802	1	2.0	38
	chrM	1802	1	1.0	41
	chrM	1802	1	8.0	51
	chrM	1803	0	1.0	46
	chrM	1803	1	1.0	7
	chrM	1803	1	323.0	25
	chrM	1803	1	3.0	26
	chrM	1803	1	9.0	27
	chrM	1803	1	154.0	28
	chrM	1803	1	5.0	29
	chrM	1803	1	1.0	30
	chrM	1803	1	1.0	32
	chrM	1803	1	1.0	34
	chrM	1803	1	2.0	37
	chrM	1803	1	3.0	39
	chrM	1803	1	1.0	40
	chrM	1803	1	1.0	44
	chrM	1803	1	4.0	51
	chrM	1804	0	1.0	37
	chrM	1804	0	3.0	45
	chrM	1804	0	5.0	47
	chrM	1804	0	1.0	48
	chrM	1804	0	7.0	51
	chrM	1804	1	936.0	26
	chrM	1804	1	2.0	27
	chrM	1804	1	23.0	28
	chrM	1804	1	412.0	29
	chrM	1804	1	9.0	30
	chrM	1804	1	2.0	32
	chrM	1804	1	15.0	35
	chrM	1804	1	1.0	36
	chrM	1804	1	1.0	38
	chrM	1804	1	5.0	40
	chrM	1804	1	1.0	42
	chrM	1804	1	2.0	43
	chrM	1804	1	4.0	51
	chrM	1805	0	1.0	45
	chrM	1805	0	3.0	46
	chrM	1805	0	1.0	47
	chrM	1805	0	2.0	48
	chrM	1805	1	2.0	8
	chrM	1805	1	2.0	9
	chrM	1805	1	3.0	12
	chrM	1805	1	2.0	13
	chrM	1805	1	1.0	14
	chrM	1805	1	3.0	16
	chrM	1805	1	1.0	18
	chrM	1805	1	4.0	19
	chrM	1805	1	4.0	20
	chrM	1805	1	1.0	22
	chrM	1805	1	2.0	23
	chrM	1805	1	16184.0	27
	chrM	1805	1	82.0	28
	chrM	1805	1	249.0	29
	chrM	1805	1	6210.0	30
	chrM	1805	1	111.0	31
	chrM	1805	1	12.0	32
	chrM	1805	1	36.0	33
	chrM	1805	1	20.0	34
	chrM	1805	1	4.0	35
	chrM	1805	1	376.0	36
	chrM	1805	1	81.0	37
	chrM	1805	1	11.0	38
	chrM	1805	1	38.0	39
	chrM	1805	1	3.0	40
	chrM	1805	1	61.0	41
	chrM	1805	1	7.0	43
	chrM	1805	1	47.0	44
	chrM	1805	1	2.0	45
	chrM	1805	1	19.0	46
	chrM	1805	1	3.0	47
	chrM	1805	1	6.0	48
	chrM	1805	1	30.0	51
	chrM	1806	0	2.0	43
	chrM	1806	0	2.0	45
	chrM	1806	0	1.0	46
	chrM	1806	0	5.0	47
	chrM	1806	1	103.0	28
	chrM	1806	1	1.0	29
	chrM	1806	1	2.0	30
	chrM	1806	1	48.0	31
	chrM	1806	1	5.0	37
	chrM	1806	1	2.0	42
	chrM	1806	1	3.0	45
	chrM	1806	1	3.0	51
	chrM	1807	0	1.0	37
	chrM	1807	0	1.0	43
	chrM	1807	0	4.0	44
	chrM	1807	0	1.0	46
	chrM	1807	1	72.0	29
	chrM	1807	1	40.0	32
	chrM	1807	1	1.0	34
	chrM	1807	1	1.0	36
	chrM	1807	1	1.0	38
	chrM	1807	1	1.0	46
	chrM	1808	0	1.0	37
	chrM	1808	0	2.0	43
	chrM	1808	0	3.0	44
	chrM	1808	1	11.0	30
	chrM	1808	1	4.0	33
	chrM	1808	1	1.0	34
	chrM	1809	0	1.0	36
	chrM	1809	0	1.0	37
	chrM	1809	0	4.0	40
	chrM	1809	0	1.0	41
	chrM	1809	0	12.0	42
	chrM	1809	0	6.0	43
	chrM	1809	0	6.0	44
	chrM	1809	0	4.0	46
	chrM	1809	1	3.0	31
	chrM	1809	1	2.0	34
	chrM	1809	1	1.0	51
	chrM	1810	0	1.0	40
	chrM	1810	0	1.0	41
	chrM	1810	0	3.0	43
	chrM	1810	0	1.0	45
	chrM	1811	0	2.0	39
	chrM	1811	0	1.0	44
	chrM	1812	0	1.0	37
	chrM	1812	0	6.0	39
	chrM	1812	0	2.0	40
	chrM	1812	0	5.0	41
	chrM	1812	0	2.0	42
	chrM	1812	0	1.0	43
	chrM	1812	1	2.0	51
	chrM	1813	0	3.0	24
	chrM	1813	0	1.0	26
	chrM	1813	0	1.0	35
	chrM	1813	0	16.0	38
	chrM	1813	0	7.0	40
	chrM	1813	0	1.0	41
	chrM	1814	0	1.0	23
	chrM	1814	0	1.0	35
	chrM	1814	0	1.0	36
	chrM	1814	0	3.0	39
	chrM	1814	0	3.0	51
	chrM	1815	0	1.0	29
	chrM	1815	0	2.0	31
	chrM	1815	0	1.0	36
	chrM	1815	0	3.0	38
	chrM	1816	0	1.0	25
	chrM	1816	0	1.0	33
	chrM	1816	0	3.0	37
	chrM	1816	0	1.0	39
	chrM	1817	0	1.0	28
	chrM	1817	0	1.0	31
	chrM	1817	0	5.0	34
	chrM	1817	0	1.0	36
	chrM	1818	0	1.0	19
	chrM	1818	0	1.0	20
	chrM	1818	0	2.0	26
	chrM	1818	0	2.0	28
	chrM	1818	0	2.0	31
	chrM	1818	0	1.0	32
	chrM	1818	0	10.0	33
	chrM	1818	0	7.0	34
	chrM	1818	0	5.0	35
	chrM	1818	0	1.0	36
	chrM	1818	0	1.0	37
	chrM	1818	0	1.0	47
	chrM	1819	0	2.0	30
	chrM	1819	0	3.0	32
	chrM	1819	0	2.0	33
	chrM	1819	0	4.0	34
	chrM	1819	0	1.0	36
	chrM	1819	0	1.0	51
	chrM	1820	0	1.0	18
	chrM	1820	0	1.0	25
	chrM	1820	0	1.0	30
	chrM	1820	0	4.0	31
	chrM	1820	0	1.0	32
	chrM	1820	0	4.0	33
	chrM	1820	0	2.0	35
	chrM	1821	0	1.0	24
	chrM	1821	0	1.0	25
	chrM	1821	0	1.0	28
	chrM	1821	0	2.0	30
	chrM	1821	0	4.0	31
	chrM	1821	0	1.0	32
	chrM	1822	0	1.0	21
	chrM	1822	0	1.0	22
	chrM	1822	0	3.0	23
	chrM	1822	0	1.0	27
	chrM	1822	0	1.0	28
	chrM	1822	0	11.0	29
	chrM	1822	0	8.0	30
	chrM	1822	0	14.0	31
	chrM	1823	0	2.0	20
	chrM	1823	0	1.0	26
	chrM	1823	0	6.0	28
	chrM	1823	0	5.0	29
	chrM	1823	0	1.0	31
	chrM	1823	0	2.0	32
	chrM	1823	0	1.0	36
	chrM	1824	0	1.0	25
	chrM	1824	0	3.0	27
	chrM	1824	0	5.0	29
	chrM	1824	0	1.0	30
	chrM	1824	0	1.0	31
	chrM	1824	0	1.0	51
	chrM	1825	0	4.0	24
	chrM	1825	0	4.0	26
	chrM	1825	0	2.0	27
	chrM	1825	0	3.0	28
	chrM	1825	0	4.0	51
	chrM	1826	0	1.0	22
	chrM	1826	0	1.0	23
	chrM	1826	0	2.0	24
	chrM	1826	0	4.0	25
	chrM	1826	0	3.0	26
	chrM	1826	0	4.0	27
	chrM	1826	0	2.0	51
	chrM	1826	1	1.0	48
	chrM	1827	0	1.0	18
	chrM	1827	0	1.0	22
	chrM	1827	0	2.0	24
	chrM	1827	0	3.0	25
	chrM	1827	0	3.0	26
	chrM	1827	0	1.0	28
	chrM	1828	0	1.0	17
	chrM	1828	0	5.0	22
	chrM	1828	0	7.0	23
	chrM	1828	0	10.0	25
	chrM	1828	0	1.0	26
	chrM	1828	0	2.0	27
	chrM	1828	0	1.0	28
	chrM	1828	0	3.0	51
	chrM	1829	0	3.0	20
	chrM	1829	0	5.0	22
	chrM	1829	0	2.0	23
	chrM	1829	0	2.0	24
	chrM	1829	0	1.0	25
	chrM	1829	0	3.0	26
	chrM	1829	0	2.0	37
	chrM	1829	0	1.0	41
	chrM	1830	0	1.0	19
	chrM	1830	0	2.0	20
	chrM	1830	0	1.0	22
	chrM	1830	0	2.0	38
	chrM	1830	0	2.0	51
	chrM	1831	0	1.0	18
	chrM	1831	0	2.0	19
	chrM	1831	0	2.0	22
	chrM	1831	0	2.0	32
	chrM	1832	0	1.0	18
	chrM	1832	0	1.0	20
	chrM	1833	0	4.0	18
	chrM	1833	0	7.0	20
	chrM	1833	0	2.0	46
	chrM	1834	0	4.0	16
	chrM	1834	0	4.0	17
	chrM	1834	0	3.0	18
	chrM	1834	0	6.0	19
	chrM	1834	0	2.0	20
	chrM	1834	0	1.0	51
	chrM	1835	0	2.0	17
	chrM	1835	0	4.0	18
	chrM	1835	0	1.0	20
	chrM	1835	0	1.0	35
	chrM	1836	0	3.0	15
	chrM	1836	0	1.0	43
	chrM	1837	0	1.0	35
	chrM	1838	0	1.0	27
	chrM	1839	0	2.0	23
	chrM	1839	0	5.0	24
	chrM	1839	0	24.0	26
	chrM	1839	0	2.0	27
	chrM	1839	0	3.0	28
	chrM	1839	0	1.0	29
	chrM	1839	0	2.0	30
	chrM	1839	0	13.0	31
	chrM	1839	0	14.0	32
	chrM	1839	0	8.0	33
	chrM	1839	0	1.0	34
	chrM	1839	0	14.0	36
	chrM	1839	0	17.0	37
	chrM	1839	0	18.0	38
	chrM	1839	0	7.0	39
	chrM	1839	0	23.0	40
	chrM	1839	0	13.0	41
	chrM	1839	0	1.0	42
	chrM	1839	0	1.0	43
	chrM	1839	0	2.0	46
	chrM	1839	0	3.0	47
	chrM	1839	0	2.0	48
	chrM	1840	0	2.0	25
	chrM	1840	0	1.0	28
	chrM	1840	0	1.0	30
	chrM	1840	0	1.0	31
	chrM	1840	0	1.0	32
	chrM	1840	0	1.0	34
	chrM	1840	0	1.0	35
	chrM	1840	0	2.0	39
	chrM	1840	0	1.0	44
	chrM	1840	0	1.0	46
	chrM	1840	1	5.0	16
	chrM	1840	1	5.0	17
	chrM	1840	1	1.0	18
	chrM	1840	1	1.0	31
	chrM	1841	0	2.0	30
	chrM	1841	0	1.0	46
	chrM	1841	1	1.0	17
	chrM	1842	0	4.0	37
	chrM	1842	1	4.0	20
	chrM	1843	0	2.0	28
	chrM	1843	0	1.0	37
	chrM	1843	1	4.0	19
	chrM	1843	1	4.0	20
	chrM	1843	1	1.0	21
	chrM	1843	1	1.0	22
	chrM	1843	1	3.0	35
	chrM	1843	1	2.0	38
	chrM	1844	0	1.0	21
	chrM	1844	0	4.0	26
	chrM	1844	0	2.0	27
	chrM	1844	0	1.0	34
	chrM	1844	0	1.0	35
	chrM	1844	0	2.0	42
	chrM	1844	1	1.0	19
	chrM	1845	0	1.0	29
	chrM	1845	0	1.0	33
	chrM	1845	0	1.0	39
	chrM	1845	0	1.0	41
	chrM	1845	0	14.0	51
	chrM	1846	0	4.0	24
	chrM	1846	0	2.0	33
	chrM	1846	0	1.0	47
	chrM	1846	0	4.0	51
	chrM	1847	0	5.0	23
	chrM	1847	0	1.0	31
	chrM	1847	0	3.0	51
	chrM	1848	0	6.0	17
	chrM	1848	0	2.0	22
	chrM	1848	0	3.0	23
	chrM	1848	0	1.0	27
	chrM	1848	0	2.0	29
	chrM	1848	0	1.0	30
	chrM	1848	0	1.0	37
	chrM	1848	0	3.0	47
	chrM	1848	0	2.0	48
	chrM	1848	1	1.0	24
	chrM	1848	1	2.0	25
	chrM	1848	1	2.0	26
	chrM	1849	0	3.0	16
	chrM	1849	0	3.0	19
	chrM	1849	0	2.0	21
	chrM	1849	0	2.0	23
	chrM	1849	0	2.0	27
	chrM	1849	0	2.0	47
	chrM	1850	0	1.0	31
	chrM	1850	0	1.0	36
	chrM	1850	0	2.0	46
	chrM	1850	0	1.0	51
	chrM	1851	0	1.0	20
	chrM	1851	0	3.0	27
	chrM	1851	0	2.0	28
	chrM	1851	0	1.0	34
	chrM	1851	0	2.0	45
	chrM	1851	0	4.0	46
	chrM	1852	0	3.0	18
	chrM	1852	0	5.0	19
	chrM	1852	0	2.0	24
	chrM	1852	0	1.0	26
	chrM	1852	0	1.0	27
	chrM	1852	0	2.0	31
	chrM	1852	0	1.0	40
	chrM	1852	0	1.0	44
	chrM	1853	0	1.0	16
	chrM	1853	0	7.0	17
	chrM	1853	0	2.0	18
	chrM	1853	0	4.0	22
	chrM	1853	0	4.0	23
	chrM	1853	0	3.0	25
	chrM	1853	0	8.0	26
	chrM	1853	0	4.0	27
	chrM	1853	0	1.0	28
	chrM	1853	0	2.0	30
	chrM	1853	0	5.0	32
	chrM	1853	0	1.0	33
	chrM	1853	0	1.0	34
	chrM	1853	0	1.0	36
	chrM	1853	0	11.0	43
	chrM	1853	0	2.0	44
	chrM	1853	0	2.0	45
	chrM	1853	0	1.0	47
	chrM	1854	0	1.0	42
	chrM	1855	0	1.0	51
	chrM	1856	0	4.0	16
	chrM	1856	0	2.0	17
	chrM	1856	0	1.0	19
	chrM	1856	0	3.0	20
	chrM	1856	0	8.0	23
	chrM	1856	0	3.0	40
	chrM	1856	0	2.0	42
	chrM	1857	0	13.0	15
	chrM	1857	0	2.0	18
	chrM	1857	0	11.0	19
	chrM	1857	0	8.0	20
	chrM	1857	0	7.0	21
	chrM	1857	0	20.0	22
	chrM	1857	0	17.0	23
	chrM	1857	0	5.0	25
	chrM	1857	0	1.0	28
	chrM	1857	0	2.0	30
	chrM	1857	0	1.0	35
	chrM	1857	0	4.0	36
	chrM	1857	0	3.0	38
	chrM	1857	0	1.0	39
	chrM	1857	0	2.0	40
	chrM	1857	0	2.0	44
	chrM	1857	0	1.0	45
	chrM	1858	0	2.0	18
	chrM	1858	0	1.0	19
	chrM	1858	0	1.0	20
	chrM	1858	0	6.0	21
	chrM	1858	0	2.0	22
	chrM	1858	0	2.0	27
	chrM	1858	0	2.0	28
	chrM	1858	0	1.0	29
	chrM	1858	0	1.0	35
	chrM	1858	0	1.0	36
	chrM	1858	0	8.0	38
	chrM	1858	0	2.0	39
	chrM	1858	0	1.0	40
	chrM	1858	0	5.0	51
	chrM	1859	0	2.0	16
	chrM	1859	0	5.0	17
	chrM	1859	0	3.0	18
	chrM	1859	0	2.0	19
	chrM	1859	0	12.0	20
	chrM	1859	0	1.0	21
	chrM	1859	0	1.0	30
	chrM	1859	0	1.0	37
	chrM	1859	0	1.0	38
	chrM	1859	0	8.0	51
	chrM	1860	0	1.0	15
	chrM	1860	0	2.0	16
	chrM	1860	0	4.0	17
	chrM	1860	0	1.0	18
	chrM	1860	0	3.0	19
	chrM	1860	0	3.0	20
	chrM	1860	0	1.0	32
	chrM	1860	0	1.0	35
	chrM	1860	0	2.0	36
	chrM	1860	0	1.0	38
	chrM	1860	0	1.0	51
	chrM	1861	0	1.0	17
	chrM	1861	0	10.0	18
	chrM	1861	0	2.0	19
	chrM	1861	0	2.0	21
	chrM	1861	0	1.0	25
	chrM	1861	0	1.0	26
	chrM	1861	0	2.0	32
	chrM	1861	0	11.0	35
	chrM	1861	0	4.0	36
	chrM	1861	0	2.0	51
	chrM	1861	1	1.0	17
	chrM	1862	1	2.0	17
	chrM	1862	1	3.0	18
	chrM	1862	1	1.0	26
	chrM	1862	1	1.0	27
	chrM	1862	1	1.0	29
	chrM	1864	1	3.0	28
	chrM	1868	1	1.0	23
	chrM	1868	1	1.0	24
	chrM	1869	1	1.0	25
	chrM	1880	1	2.0	24
	chrM	1880	1	1.0	45
	chrM	1881	0	1.0	51
	chrM	1881	1	1.0	25
	chrM	1883	0	3.0	51
	chrM	1884	0	2.0	51
	chrM	1885	0	1.0	47
	chrM	1885	0	5.0	51
	chrM	1886	0	11.0	51
	chrM	1887	0	6.0	51
	chrM	1888	0	3.0	51
	chrM	1890	0	8.0	51
	chrM	1891	0	1.0	41
	chrM	1891	0	1.0	46
	chrM	1891	0	1.0	51
	chrM	1892	0	2.0	44
	chrM	1892	0	1.0	51
	chrM	1892	1	1.0	51
	chrM	1893	0	2.0	41
	chrM	1893	0	2.0	43
	chrM	1893	0	3.0	44
	chrM	1893	0	1.0	45
	chrM	1893	0	3.0	48
	chrM	1893	0	7.0	51
	chrM	1894	0	1.0	45
	chrM	1895	0	1.0	42
	chrM	1895	0	1.0	46
	chrM	1895	0	2.0	51
	chrM	1896	0	2.0	41
	chrM	1896	0	1.0	46
	chrM	1896	0	3.0	48
	chrM	1897	0	2.0	36
	chrM	1897	0	1.0	37
	chrM	1897	0	2.0	38
	chrM	1897	0	3.0	39
	chrM	1897	0	1.0	42
	chrM	1897	0	1.0	44
	chrM	1898	0	1.0	34
	chrM	1898	0	1.0	41
	chrM	1899	0	2.0	35
	chrM	1899	0	3.0	38
	chrM	1899	0	1.0	47
	chrM	1900	0	4.0	36
	chrM	1900	0	2.0	37
	chrM	1900	0	1.0	41
	chrM	1900	0	1.0	44
	chrM	1900	0	2.0	51
	chrM	1901	0	1.0	31
	chrM	1901	0	2.0	33
	chrM	1901	0	1.0	34
	chrM	1901	0	1.0	35
	chrM	1901	0	3.0	36
	chrM	1901	0	1.0	42
	chrM	1902	0	1.0	30
	chrM	1902	0	1.0	31
	chrM	1902	0	4.0	32
	chrM	1902	0	3.0	34
	chrM	1902	0	14.0	35
	chrM	1902	0	6.0	36
	chrM	1902	0	1.0	40
	chrM	1902	0	2.0	42
	chrM	1902	0	1.0	44
	chrM	1902	0	1.0	46
	chrM	1902	0	17.0	51
	chrM	1903	0	2.0	34
	chrM	1903	0	1.0	40
	chrM	1903	0	2.0	51
	chrM	1904	0	2.0	30
	chrM	1904	0	1.0	31
	chrM	1904	0	2.0	32
	chrM	1904	0	1.0	33
	chrM	1904	0	1.0	37
	chrM	1904	0	2.0	40
	chrM	1905	0	1.0	31
	chrM	1905	0	2.0	36
	chrM	1905	0	1.0	38
	chrM	1905	0	1.0	39
	chrM	1905	0	1.0	46
	chrM	1905	0	1.0	51
	chrM	1906	0	3.0	28
	chrM	1906	0	3.0	30
	chrM	1906	0	7.0	31
	chrM	1906	0	1.0	32
	chrM	1906	0	1.0	35
	chrM	1906	0	1.0	36
	chrM	1906	0	1.0	38
	chrM	1906	0	1.0	40
	chrM	1906	0	1.0	46
	chrM	1906	0	2.0	47
	chrM	1906	0	4.0	51
	chrM	1907	0	1.0	29
	chrM	1907	0	1.0	32
	chrM	1907	0	1.0	39
	chrM	1907	0	1.0	46
	chrM	1908	0	1.0	27
	chrM	1908	0	2.0	28
	chrM	1908	0	3.0	29
	chrM	1908	0	1.0	43
	chrM	1908	0	2.0	51
	chrM	1909	0	1.0	25
	chrM	1909	0	1.0	27
	chrM	1909	0	2.0	28
	chrM	1909	0	1.0	30
	chrM	1909	0	1.0	32
	chrM	1909	0	2.0	34
	chrM	1909	0	1.0	35
	chrM	1909	0	3.0	44
	chrM	1909	0	3.0	51
	chrM	1910	0	1.0	24
	chrM	1910	0	5.0	27
	chrM	1910	0	2.0	34
	chrM	1910	0	3.0	36
	chrM	1910	0	1.0	37
	chrM	1910	0	2.0	43
	chrM	1910	0	1.0	51
	chrM	1911	0	2.0	25
	chrM	1911	0	3.0	26
	chrM	1911	0	1.0	27
	chrM	1911	0	1.0	28
	chrM	1911	0	1.0	33
	chrM	1911	0	4.0	51
	chrM	1912	0	2.0	24
	chrM	1912	0	2.0	25
	chrM	1912	0	2.0	26
	chrM	1912	0	1.0	33
	chrM	1912	0	2.0	41
	chrM	1912	0	1.0	45
	chrM	1912	0	16.0	51
	chrM	1913	0	1.0	23
	chrM	1913	0	3.0	24
	chrM	1913	0	1.0	25
	chrM	1913	0	2.0	26
	chrM	1913	0	2.0	29
	chrM	1913	0	1.0	31
	chrM	1913	0	1.0	40
	chrM	1914	0	1.0	18
	chrM	1914	0	5.0	22
	chrM	1914	0	2.0	23
	chrM	1914	0	2.0	25
	chrM	1914	0	4.0	27
	chrM	1914	0	2.0	30
	chrM	1914	0	1.0	33
	chrM	1914	0	6.0	39
	chrM	1914	0	1.0	51
	chrM	1915	0	5.0	19
	chrM	1915	0	2.0	21
	chrM	1915	0	1.0	22
	chrM	1915	0	1.0	24
	chrM	1915	0	1.0	25
	chrM	1915	0	3.0	26
	chrM	1915	0	4.0	28
	chrM	1915	0	1.0	29
	chrM	1915	0	1.0	36
	chrM	1915	0	2.0	38
	chrM	1915	0	1.0	42
	chrM	1916	0	3.0	18
	chrM	1916	0	1.0	19
	chrM	1916	0	2.0	20
	chrM	1916	0	5.0	21
	chrM	1916	0	1.0	25
	chrM	1916	0	1.0	27
	chrM	1916	0	2.0	28
	chrM	1917	0	3.0	15
	chrM	1917	0	2.0	16
	chrM	1917	0	9.0	17
	chrM	1917	0	4.0	19
	chrM	1917	0	11.0	20
	chrM	1917	0	1.0	21
	chrM	1917	0	2.0	22
	chrM	1917	0	1.0	24
	chrM	1917	0	1.0	25
	chrM	1917	0	7.0	27
	chrM	1917	0	3.0	28
	chrM	1917	0	2.0	36
	chrM	1917	0	2.0	43
	chrM	1917	0	1.0	46
	chrM	1917	0	1.0	51
	chrM	1918	0	4.0	16
	chrM	1918	0	4.0	18
	chrM	1918	0	9.0	19
	chrM	1918	0	1.0	22
	chrM	1918	0	2.0	23
	chrM	1918	0	1.0	25
	chrM	1918	0	3.0	51
	chrM	1919	0	14.0	16
	chrM	1919	0	40.0	17
	chrM	1919	0	102.0	18
	chrM	1919	0	16.0	19
	chrM	1919	0	12.0	20
	chrM	1919	0	6.0	22
	chrM	1919	0	8.0	23
	chrM	1919	0	3.0	24
	chrM	1919	0	34.0	25
	chrM	1919	0	1.0	26
	chrM	1919	0	3.0	27
	chrM	1919	0	4.0	28
	chrM	1919	0	2.0	32
	chrM	1919	0	6.0	34
	chrM	1919	0	1.0	36
	chrM	1919	0	3.0	38
	chrM	1919	0	6.0	39
	chrM	1919	0	1.0	40
	chrM	1919	0	1.0	41
	chrM	1919	0	4.0	44
	chrM	1919	0	1.0	51
	chrM	1920	0	10.0	17
	chrM	1920	0	1.0	18
	chrM	1920	0	3.0	19
	chrM	1920	0	2.0	21
	chrM	1920	0	6.0	22
	chrM	1920	0	2.0	24
	chrM	1920	0	1.0	35
	chrM	1920	0	10.0	51
	chrM	1921	0	1.0	18
	chrM	1921	0	5.0	20
	chrM	1921	0	3.0	23
	chrM	1921	0	2.0	26
	chrM	1921	0	3.0	32
	chrM	1921	0	1.0	36
	chrM	1921	0	1.0	37
	chrM	1921	0	1.0	41
	chrM	1921	0	1.0	51
	chrM	1922	0	4.0	16
	chrM	1922	0	1.0	19
	chrM	1922	0	2.0	22
	chrM	1922	0	1.0	25
	chrM	1922	0	1.0	31
	chrM	1922	0	1.0	38
	chrM	1922	0	1.0	41
	chrM	1923	0	13.0	15
	chrM	1923	0	6.0	16
	chrM	1923	0	3.0	18
	chrM	1923	0	1.0	19
	chrM	1923	0	2.0	20
	chrM	1923	0	6.0	21
	chrM	1923	0	1.0	23
	chrM	1923	0	1.0	28
	chrM	1923	0	3.0	29
	chrM	1923	0	4.0	30
	chrM	1923	0	2.0	31
	chrM	1923	0	1.0	35
	chrM	1923	0	1.0	37
	chrM	1923	0	3.0	39
	chrM	1923	0	1.0	40
	chrM	1923	0	3.0	48
	chrM	1923	0	2.0	51
	chrM	1924	0	1.0	47
	chrM	1925	0	2.0	16
	chrM	1925	0	2.0	28
	chrM	1925	0	1.0	38
	chrM	1926	0	2.0	15
	chrM	1926	0	3.0	16
	chrM	1926	0	1.0	17
	chrM	1926	0	2.0	18
	chrM	1926	0	1.0	20
	chrM	1926	0	1.0	21
	chrM	1926	0	5.0	27
	chrM	1926	0	2.0	34
	chrM	1926	0	1.0	36
	chrM	1926	0	3.0	37
	chrM	1926	0	1.0	45
	chrM	1927	0	3.0	17
	chrM	1927	0	2.0	36
	chrM	1927	0	3.0	51
	chrM	1928	0	1.0	29
	chrM	1929	0	2.0	24
	chrM	1929	0	1.0	26
	chrM	1929	0	2.0	34
	chrM	1929	0	2.0	51
	chrM	1939	1	3.0	17
	chrM	2117	0	3.0	51
	chrM	2118	0	1.0	43
	chrM	2118	0	7.0	51
	chrM	2120	0	11.0	51
	chrM	2121	0	3.0	40
	chrM	2121	0	4.0	47
	chrM	2121	0	5.0	48
	chrM	2121	0	19.0	51
	chrM	2122	0	11.0	51
	chrM	2123	0	9.0	51
	chrM	2124	0	1.0	48
	chrM	2124	0	7.0	51
	chrM	2125	0	1.0	46
	chrM	2125	0	1.0	51
	chrM	2126	0	1.0	45
	chrM	2127	0	1.0	46
	chrM	2127	0	1.0	48
	chrM	2127	0	6.0	51
	chrM	2128	0	1.0	33
	chrM	2128	0	1.0	44
	chrM	2128	0	1.0	45
	chrM	2128	0	3.0	51
	chrM	2129	0	2.0	43
	chrM	2129	0	1.0	51
	chrM	2130	0	1.0	37
	chrM	2130	0	1.0	51
	chrM	2131	0	1.0	42
	chrM	2132	0	1.0	29
	chrM	2132	0	1.0	37
	chrM	2132	0	1.0	40
	chrM	2132	0	1.0	41
	chrM	2132	0	2.0	51
	chrM	2133	0	1.0	6
	chrM	2133	0	1.0	28
	chrM	2133	0	1.0	29
	chrM	2133	0	3.0	35
	chrM	2133	0	1.0	36
	chrM	2133	0	1.0	37
	chrM	2133	0	1.0	38
	chrM	2133	0	6.0	39
	chrM	2133	0	9.0	40
	chrM	2133	0	5.0	41
	chrM	2133	0	1.0	42
	chrM	2133	0	3.0	46
	chrM	2133	0	1.0	48
	chrM	2133	0	1.0	51
	chrM	2134	0	1.0	28
	chrM	2134	0	1.0	38
	chrM	2134	0	4.0	39
	chrM	2134	0	1.0	48
	chrM	2134	0	7.0	51
	chrM	2135	0	1.0	39
	chrM	2135	0	3.0	51
	chrM	2136	0	2.0	33
	chrM	2137	0	1.0	51
	chrM	2138	0	1.0	35
	chrM	2140	0	1.0	45
	chrM	2141	0	3.0	28
	chrM	2141	0	1.0	29
	chrM	2141	0	1.0	31
	chrM	2141	0	2.0	32
	chrM	2141	0	2.0	48
	chrM	2142	0	2.0	27
	chrM	2142	0	1.0	29
	chrM	2142	0	2.0	33
	chrM	2143	0	1.0	29
	chrM	2144	0	3.0	25
	chrM	2144	0	2.0	27
	chrM	2144	0	3.0	28
	chrM	2144	0	1.0	29
	chrM	2144	0	1.0	30
	chrM	2144	0	1.0	36
	chrM	2145	0	6.0	51
	chrM	2146	0	1.0	23
	chrM	2147	0	2.0	25
	chrM	2147	0	1.0	38
	chrM	2147	0	1.0	51
	chrM	2148	0	1.0	24
	chrM	2149	0	1.0	25
	chrM	2149	0	3.0	27
	chrM	2149	0	1.0	28
	chrM	2150	0	2.0	18
	chrM	2150	0	2.0	19
	chrM	2150	0	7.0	21
	chrM	2150	0	1.0	25
	chrM	2150	0	1.0	35
	chrM	2150	0	2.0	37
	chrM	2151	0	2.0	18
	chrM	2151	0	2.0	23
	chrM	2151	0	3.0	27
	chrM	2151	0	1.0	51
	chrM	2152	0	3.0	17
	chrM	2152	0	5.0	20
	chrM	2152	0	1.0	21
	chrM	2152	0	1.0	22
	chrM	2152	0	2.0	28
	chrM	2152	0	2.0	29
	chrM	2152	0	1.0	31
	chrM	2152	0	5.0	33
	chrM	2152	0	1.0	45
	chrM	2152	0	1.0	51
	chrM	2153	0	1.0	19
	chrM	2153	0	1.0	20
	chrM	2153	0	1.0	22
	chrM	2153	0	1.0	26
	chrM	2153	0	1.0	30
	chrM	2153	0	1.0	32
	chrM	2153	0	1.0	33
	chrM	2153	0	1.0	34
	chrM	2154	0	1.0	17
	chrM	2154	0	3.0	18
	chrM	2154	0	1.0	20
	chrM	2154	0	1.0	21
	chrM	2154	0	1.0	28
	chrM	2154	0	1.0	30
	chrM	2154	0	1.0	51
	chrM	2155	0	5.0	17
	chrM	2155	0	1.0	18
	chrM	2155	0	2.0	20
	chrM	2155	0	1.0	22
	chrM	2155	0	1.0	26
	chrM	2155	0	1.0	28
	chrM	2156	0	5.0	17
	chrM	2156	0	4.0	18
	chrM	2156	0	5.0	19
	chrM	2156	0	1.0	20
	chrM	2156	0	1.0	22
	chrM	2156	0	1.0	27
	chrM	2157	0	14.0	17
	chrM	2157	0	6.0	18
	chrM	2157	0	6.0	20
	chrM	2157	0	7.0	21
	chrM	2157	0	10.0	22
	chrM	2157	0	1.0	23
	chrM	2157	0	2.0	24
	chrM	2157	0	7.0	25
	chrM	2157	0	5.0	26
	chrM	2157	0	3.0	27
	chrM	2157	0	16.0	28
	chrM	2157	0	5.0	29
	chrM	2157	0	1.0	40
	chrM	2157	0	2.0	47
	chrM	2157	0	2.0	51
	chrM	2158	0	1.0	19
	chrM	2158	0	4.0	20
	chrM	2158	0	1.0	24
	chrM	2158	0	2.0	27
	chrM	2158	0	2.0	44
	chrM	2158	0	1.0	46
	chrM	2159	0	3.0	18
	chrM	2159	0	2.0	19
	chrM	2159	0	2.0	20
	chrM	2159	0	4.0	21
	chrM	2159	0	1.0	23
	chrM	2159	0	1.0	25
	chrM	2159	0	9.0	26
	chrM	2159	0	4.0	27
	chrM	2159	0	1.0	28
	chrM	2159	0	1.0	37
	chrM	2160	0	1.0	17
	chrM	2160	0	3.0	23
	chrM	2160	0	3.0	25
	chrM	2160	0	2.0	38
	chrM	2161	0	1.0	43
	chrM	2162	0	1.0	30
	chrM	2162	0	2.0	34
	chrM	2162	0	2.0	38
	chrM	2162	0	2.0	41
	chrM	2162	0	1.0	45
	chrM	2163	0	1.0	39
	chrM	2163	1	1.0	22
	chrM	2164	0	1.0	38
	chrM	2164	0	1.0	51
	chrM	2165	0	3.0	23
	chrM	2165	0	2.0	27
	chrM	2165	0	2.0	31
	chrM	2165	0	1.0	32
	chrM	2165	0	2.0	33
	chrM	2165	0	2.0	38
	chrM	2165	0	1.0	39
	chrM	2165	0	2.0	40
	chrM	2165	0	2.0	43
	chrM	2165	0	3.0	46
	chrM	2166	0	1.0	30
	chrM	2166	0	2.0	38
	chrM	2167	0	1.0	29
	chrM	2167	0	1.0	33
	chrM	2168	0	1.0	37
	chrM	2168	0	2.0	51
	chrM	2169	0	1.0	24
	chrM	2169	0	3.0	27
	chrM	2169	0	2.0	28
	chrM	2169	0	2.0	29
	chrM	2169	0	2.0	31
	chrM	2169	0	1.0	33
	chrM	2169	0	3.0	36
	chrM	2169	0	1.0	37
	chrM	2169	0	1.0	38
	chrM	2169	0	1.0	39
	chrM	2169	0	1.0	42
	chrM	2170	0	1.0	26
	chrM	2170	0	1.0	33
	chrM	2172	0	1.0	31
	chrM	2172	0	1.0	36
	chrM	2173	0	1.0	32
	chrM	2173	1	1.0	17
	chrM	2174	0	1.0	26
	chrM	2174	0	1.0	28
	chrM	2174	0	1.0	29
	chrM	2174	0	2.0	30
	chrM	2175	0	1.0	21
	chrM	2175	0	1.0	28
	chrM	2175	0	2.0	51
	chrM	2176	0	2.0	27
	chrM	2176	0	1.0	29
	chrM	2176	0	1.0	33
	chrM	2177	0	2.0	19
	chrM	2177	0	2.0	20
	chrM	2177	0	1.0	23
	chrM	2177	0	1.0	24
	chrM	2177	0	2.0	26
	chrM	2178	0	1.0	44
	chrM	2178	0	2.0	51
	chrM	2179	0	1.0	18
	chrM	2179	0	1.0	19
	chrM	2179	0	1.0	21
	chrM	2179	0	1.0	26
	chrM	2179	0	1.0	30
	chrM	2179	0	2.0	51
	chrM	2180	0	5.0	16
	chrM	2180	0	1.0	17
	chrM	2180	0	1.0	18
	chrM	2180	0	1.0	22
	chrM	2180	0	1.0	46
	chrM	2180	0	2.0	51
	chrM	2181	0	1.0	17
	chrM	2181	0	3.0	19
	chrM	2181	0	1.0	21
	chrM	2182	0	2.0	18
	chrM	2182	0	2.0	20
	chrM	2182	0	1.0	23
	chrM	2182	0	1.0	31
	chrM	2182	0	1.0	41
	chrM	2182	0	1.0	51
	chrM	2183	0	3.0	17
	chrM	2183	0	1.0	18
	chrM	2183	0	2.0	19
	chrM	2184	0	1.0	16
	chrM	2184	0	1.0	24
	chrM	2184	0	1.0	47
	chrM	2185	0	4.0	17
	chrM	2185	0	1.0	29
	chrM	2186	0	1.0	15
	chrM	2186	0	3.0	16
	chrM	2186	0	1.0	17
	chrM	2186	0	5.0	18
	chrM	2186	0	1.0	20
	chrM	2186	0	1.0	23
	chrM	2186	0	1.0	30
	chrM	2186	0	2.0	40
	chrM	2186	0	2.0	45
	chrM	2187	0	1.0	21
	chrM	2187	0	1.0	23
	chrM	2190	1	1.0	16
	chrM	2190	1	1.0	30
	chrM	2200	1	1.0	27
	chrM	2212	1	1.0	51
	chrM	2914	0	1.0	51
	chrM	2916	0	3.0	51
	chrM	2918	0	1.0	51
	chrM	2921	0	1.0	48
	chrM	2922	0	2.0	51
	chrM	2923	0	1.0	45
	chrM	2925	0	1.0	46
	chrM	2925	0	1.0	48
	chrM	2926	0	1.0	40
	chrM	2926	0	1.0	47
	chrM	2926	0	2.0	51
	chrM	2927	0	2.0	39
	chrM	2927	0	1.0	42
	chrM	2927	0	1.0	44
	chrM	2927	0	1.0	45
	chrM	2927	0	2.0	46
	chrM	2929	0	1.0	36
	chrM	2930	0	1.0	37
	chrM	2930	0	2.0	43
	chrM	2930	0	3.0	51
	chrM	2931	0	1.0	34
	chrM	2931	0	1.0	35
	chrM	2932	0	1.0	34
	chrM	2932	0	3.0	51
	chrM	2933	0	13.0	51
	chrM	2934	0	1.0	41
	chrM	2934	0	1.0	45
	chrM	2935	0	1.0	35
	chrM	2935	0	2.0	51
	chrM	2936	0	1.0	33
	chrM	2936	0	1.0	37
	chrM	2936	0	1.0	39
	chrM	2936	0	1.0	46
	chrM	2936	0	1.0	48
	chrM	2936	0	1.0	51
	chrM	2937	0	2.0	32
	chrM	2937	0	1.0	34
	chrM	2937	0	1.0	35
	chrM	2937	0	1.0	37
	chrM	2937	0	1.0	46
	chrM	2937	0	4.0	47
	chrM	2938	0	1.0	27
	chrM	2938	0	1.0	33
	chrM	2939	0	1.0	30
	chrM	2939	0	3.0	31
	chrM	2939	0	1.0	45
	chrM	2939	0	2.0	51
	chrM	2940	0	3.0	25
	chrM	2940	0	2.0	26
	chrM	2940	0	5.0	29
	chrM	2940	0	2.0	31
	chrM	2940	0	1.0	33
	chrM	2940	0	5.0	35
	chrM	2940	0	1.0	37
	chrM	2940	0	11.0	44
	chrM	2940	0	1.0	47
	chrM	2940	0	3.0	51
	chrM	2941	0	3.0	43
	chrM	2942	0	1.0	41
	chrM	2942	0	2.0	42
	chrM	2943	0	1.0	28
	chrM	2943	0	1.0	38
	chrM	2943	0	2.0	41
	chrM	2943	0	1.0	43
	chrM	2944	0	1.0	27
	chrM	2944	0	7.0	29
	chrM	2944	0	1.0	35
	chrM	2944	0	3.0	40
	chrM	2945	0	1.0	32
	chrM	2945	0	2.0	36
	chrM	2945	0	2.0	39
	chrM	2945	0	1.0	40
	chrM	2946	0	1.0	20
	chrM	2946	0	2.0	31
	chrM	2946	0	1.0	38
	chrM	2946	0	20.0	51
	chrM	2947	0	3.0	26
	chrM	2947	0	1.0	37
	chrM	2947	0	1.0	49
	chrM	2947	0	8.0	51
	chrM	2948	0	3.0	18
	chrM	2948	0	2.0	19
	chrM	2948	0	2.0	23
	chrM	2948	0	2.0	25
	chrM	2948	0	2.0	27
	chrM	2948	0	2.0	29
	chrM	2948	0	2.0	33
	chrM	2948	0	8.0	36
	chrM	2948	0	1.0	37
	chrM	2948	0	3.0	51
	chrM	2949	0	2.0	22
	chrM	2949	0	2.0	23
	chrM	2949	0	3.0	35
	chrM	2949	0	9.0	51
	chrM	2950	0	1.0	17
	chrM	2950	0	1.0	27
	chrM	2950	0	1.0	29
	chrM	2950	0	1.0	31
	chrM	2950	0	3.0	34
	chrM	2951	0	3.0	16
	chrM	2951	0	1.0	19
	chrM	2951	0	2.0	20
	chrM	2951	0	1.0	21
	chrM	2951	0	3.0	22
	chrM	2951	0	1.0	23
	chrM	2951	0	1.0	27
	chrM	2951	0	5.0	28
	chrM	2951	0	1.0	30
	chrM	2951	0	9.0	33
	chrM	2951	0	1.0	35
	chrM	2951	0	1.0	36
	chrM	2951	0	2.0	46
	chrM	2951	0	5.0	51
	chrM	2953	0	4.0	16
	chrM	2953	0	1.0	18
	chrM	2953	0	1.0	19
	chrM	2953	0	6.0	20
	chrM	2953	0	2.0	22
	chrM	2953	0	4.0	24
	chrM	2953	0	2.0	26
	chrM	2953	0	1.0	30
	chrM	2953	0	4.0	31
	chrM	2953	0	1.0	34
	chrM	2953	0	1.0	44
	chrM	2953	0	1.0	45
	chrM	2953	0	2.0	47
	chrM	2953	0	1.0	48
	chrM	2953	0	1.0	51
	chrM	2954	0	14.0	15
	chrM	2954	0	5.0	16
	chrM	2954	0	17.0	17
	chrM	2954	0	6.0	18
	chrM	2954	0	24.0	19
	chrM	2954	0	5.0	20
	chrM	2954	0	9.0	21
	chrM	2954	0	16.0	23
	chrM	2954	0	5.0	27
	chrM	2954	0	3.0	29
	chrM	2954	0	44.0	30
	chrM	2954	0	1.0	31
	chrM	2954	0	1.0	32
	chrM	2954	0	2.0	33
	chrM	2954	0	1.0	36
	chrM	2954	0	1.0	37
	chrM	2954	0	3.0	39
	chrM	2954	0	3.0	40
	chrM	2954	0	1.0	41
	chrM	2954	0	16.0	43
	chrM	2954	0	11.0	44
	chrM	2954	0	3.0	45
	chrM	2954	0	6.0	46
	chrM	2954	0	1.0	47
	chrM	2954	0	1.0	48
	chrM	2955	0	4.0	16
	chrM	2955	0	1.0	17
	chrM	2955	0	2.0	18
	chrM	2955	0	1.0	26
	chrM	2955	0	1.0	28
	chrM	2955	0	8.0	29
	chrM	2955	0	1.0	32
	chrM	2955	0	1.0	35
	chrM	2955	0	1.0	38
	chrM	2955	0	1.0	41
	chrM	2955	0	6.0	42
	chrM	2955	0	1.0	43
	chrM	2955	0	1.0	45
	chrM	2955	0	1.0	47
	chrM	2955	0	2.0	48
	chrM	2956	0	2.0	17
	chrM	2956	0	1.0	21
	chrM	2956	0	2.0	28
	chrM	2956	0	1.0	29
	chrM	2956	0	1.0	41
	chrM	2956	0	1.0	45
	chrM	2957	0	1.0	16
	chrM	2957	0	4.0	18
	chrM	2957	0	1.0	20
	chrM	2957	0	4.0	24
	chrM	2957	0	8.0	26
	chrM	2957	0	15.0	27
	chrM	2957	0	1.0	30
	chrM	2957	0	1.0	33
	chrM	2957	0	3.0	40
	chrM	2957	0	1.0	41
	chrM	2957	0	1.0	42
	chrM	2958	0	2.0	19
	chrM	2958	0	1.0	20
	chrM	2958	0	2.0	21
	chrM	2958	0	1.0	23
	chrM	2958	0	2.0	25
	chrM	2958	0	17.0	26
	chrM	2958	0	1.0	29
	chrM	2958	0	2.0	35
	chrM	2958	0	2.0	39
	chrM	2958	0	2.0	40
	chrM	2958	0	2.0	42
	chrM	2958	0	2.0	43
	chrM	2958	0	1.0	51
	chrM	2959	0	6.0	16
	chrM	2959	0	11.0	18
	chrM	2959	0	1.0	19
	chrM	2959	0	4.0	22
	chrM	2959	0	1.0	24
	chrM	2959	0	38.0	25
	chrM	2959	0	2.0	26
	chrM	2959	0	2.0	27
	chrM	2959	0	1.0	28
	chrM	2959	0	4.0	32
	chrM	2959	0	1.0	33
	chrM	2959	0	9.0	38
	chrM	2959	0	1.0	39
	chrM	2959	0	4.0	40
	chrM	2959	0	4.0	41
	chrM	2960	0	3.0	17
	chrM	2960	0	5.0	21
	chrM	2960	0	9.0	24
	chrM	2960	0	2.0	31
	chrM	2960	0	1.0	34
	chrM	2960	0	4.0	37
	chrM	2960	0	1.0	42
	chrM	2960	0	7.0	51
	chrM	2961	0	2.0	20
	chrM	2961	0	7.0	23
	chrM	2961	0	3.0	25
	chrM	2961	0	5.0	26
	chrM	2961	0	1.0	30
	chrM	2961	0	1.0	36
	chrM	2961	0	1.0	37
	chrM	2961	0	1.0	39
	chrM	2962	0	2.0	17
	chrM	2962	0	1.0	19
	chrM	2962	0	5.0	22
	chrM	2962	0	1.0	26
	chrM	2962	0	2.0	29
	chrM	2962	0	1.0	31
	chrM	2962	0	3.0	35
	chrM	2962	0	2.0	36
	chrM	2962	0	1.0	39
	chrM	2962	0	1.0	40
	chrM	2962	0	8.0	51
	chrM	2963	0	1.0	15
	chrM	2963	0	1.0	20
	chrM	2963	0	12.0	21
	chrM	2963	0	4.0	34
	chrM	2964	0	2.0	6
	chrM	2964	0	1.0	17
	chrM	2964	0	6.0	19
	chrM	2964	0	3.0	20
	chrM	2964	0	1.0	33
	chrM	2964	0	1.0	35
	chrM	2964	0	1.0	36
	chrM	2968	1	1.0	15
	chrM	2970	1	1.0	18
	chrM	2970	1	1.0	32
	chrM	2972	1	1.0	22
	chrM	2976	1	1.0	29
	chrM	2980	1	1.0	31
	chrM	2983	1	1.0	25
	chrM	2992	1	1.0	37
	chrM	3001	1	1.0	51
	chrM	3467	0	2.0	51
	chrM	3474	0	2.0	51
	chrM	3475	0	1.0	51
	chrM	3476	0	1.0	51
	chrM	3481	0	1.0	37
	chrM	3481	0	1.0	51
	chrM	3483	0	1.0	42
	chrM	3484	0	2.0	51
	chrM	3485	0	1.0	41
	chrM	3487	0	1.0	51
	chrM	3488	0	1.0	51
	chrM	3489	0	4.0	51
	chrM	3490	0	1.0	35
	chrM	3490	0	2.0	43
	chrM	3490	0	1.0	44
	chrM	3490	0	1.0	51
	chrM	3491	0	1.0	51
	chrM	3492	0	1.0	33
	chrM	3492	0	1.0	46
	chrM	3492	0	1.0	51
	chrM	3493	0	1.0	41
	chrM	3493	0	15.0	51
	chrM	3494	0	2.0	31
	chrM	3494	0	1.0	46
	chrM	3494	0	1.0	48
	chrM	3495	0	1.0	30
	chrM	3495	0	1.0	51
	chrM	3496	0	3.0	48
	chrM	3497	0	3.0	47
	chrM	3498	0	1.0	26
	chrM	3498	0	3.0	46
	chrM	3499	0	2.0	45
	chrM	3500	0	2.0	25
	chrM	3500	0	1.0	33
	chrM	3500	0	1.0	38
	chrM	3500	0	1.0	41
	chrM	3500	0	6.0	44
	chrM	3500	0	2.0	51
	chrM	3501	0	2.0	43
	chrM	3502	0	1.0	24
	chrM	3502	0	2.0	30
	chrM	3502	0	1.0	31
	chrM	3502	0	1.0	36
	chrM	3502	0	1.0	39
	chrM	3502	0	2.0	41
	chrM	3502	0	8.0	42
	chrM	3502	0	2.0	43
	chrM	3502	0	1.0	51
	chrM	3503	0	1.0	15
	chrM	3503	0	2.0	22
	chrM	3503	0	1.0	31
	chrM	3503	0	1.0	35
	chrM	3503	0	1.0	37
	chrM	3503	0	1.0	38
	chrM	3503	0	7.0	41
	chrM	3503	0	3.0	51
	chrM	3504	0	1.0	34
	chrM	3504	0	1.0	37
	chrM	3504	0	5.0	40
	chrM	3504	0	1.0	43
	chrM	3504	0	7.0	51
	chrM	3505	0	2.0	39
	chrM	3505	0	5.0	51
	chrM	3506	0	3.0	38
	chrM	3506	0	1.0	51
	chrM	3507	0	1.0	25
	chrM	3507	0	2.0	37
	chrM	3507	0	1.0	48
	chrM	3507	0	2.0	51
	chrM	3508	0	1.0	36
	chrM	3508	0	1.0	47
	chrM	3508	0	1.0	48
	chrM	3508	0	2.0	51
	chrM	3509	0	1.0	35
	chrM	3509	0	1.0	51
	chrM	3510	0	2.0	16
	chrM	3510	0	1.0	25
	chrM	3510	0	1.0	34
	chrM	3511	0	1.0	32
	chrM	3511	0	1.0	51
	chrM	3512	0	1.0	26
	chrM	3512	0	1.0	31
	chrM	3512	0	2.0	51
	chrM	3513	0	1.0	25
	chrM	3513	0	1.0	31
	chrM	3513	0	1.0	41
	chrM	3513	0	2.0	51
	chrM	3514	0	2.0	19
	chrM	3514	0	1.0	27
	chrM	3514	0	1.0	30
	chrM	3514	0	3.0	32
	chrM	3514	0	1.0	41
	chrM	3515	0	1.0	47
	chrM	3515	0	1.0	48
	chrM	3516	0	3.0	17
	chrM	3516	0	1.0	22
	chrM	3516	0	4.0	25
	chrM	3516	0	9.0	28
	chrM	3516	0	1.0	38
	chrM	3516	0	3.0	51
	chrM	3517	0	1.0	26
	chrM	3517	0	7.0	27
	chrM	3517	0	3.0	37
	chrM	3517	0	1.0	41
	chrM	3517	0	1.0	44
	chrM	3517	0	1.0	45
	chrM	3525	1	3.0	26
	chrM	3550	1	1.0	37
	chrM	3550	1	1.0	46
	chrM	3555	1	1.0	51
	chrM	3636	0	1.0	51
	chrM	3637	0	2.0	51
	chrM	3638	0	4.0	51
	chrM	3641	0	11.0	51
	chrM	3642	0	2.0	51
	chrM	3643	0	1.0	45
	chrM	3644	0	1.0	51
	chrM	3645	0	1.0	47
	chrM	3647	0	1.0	41
	chrM	3647	0	2.0	42
	chrM	3647	0	1.0	45
	chrM	3648	0	1.0	51
	chrM	3649	0	1.0	38
	chrM	3650	0	1.0	39
	chrM	3650	0	1.0	42
	chrM	3650	0	1.0	51
	chrM	3652	0	1.0	40
	chrM	3652	0	2.0	51
	chrM	3653	0	4.0	39
	chrM	3654	0	1.0	33
	chrM	3654	0	2.0	38
	chrM	3654	0	1.0	41
	chrM	3655	0	9.0	37
	chrM	3655	0	1.0	38
	chrM	3655	0	1.0	43
	chrM	3655	0	2.0	48
	chrM	3656	0	1.0	30
	chrM	3656	0	1.0	33
	chrM	3656	0	1.0	36
	chrM	3657	0	1.0	36
	chrM	3657	0	1.0	42
	chrM	3657	0	1.0	46
	chrM	3658	0	1.0	33
	chrM	3658	0	2.0	34
	chrM	3658	0	1.0	35
	chrM	3658	0	2.0	51
	chrM	3659	0	1.0	30
	chrM	3659	0	5.0	33
	chrM	3659	0	1.0	51
	chrM	3660	0	1.0	28
	chrM	3660	0	2.0	29
	chrM	3660	0	1.0	30
	chrM	3660	0	3.0	31
	chrM	3660	0	26.0	32
	chrM	3660	0	2.0	33
	chrM	3660	0	1.0	35
	chrM	3660	0	1.0	40
	chrM	3660	0	2.0	41
	chrM	3660	0	1.0	42
	chrM	3660	0	1.0	51
	chrM	3661	0	1.0	28
	chrM	3661	0	6.0	31
	chrM	3661	0	22.0	51
	chrM	3662	0	1.0	27
	chrM	3662	0	10.0	30
	chrM	3662	0	1.0	31
	chrM	3662	0	1.0	37
	chrM	3663	0	1.0	26
	chrM	3663	0	5.0	29
	chrM	3663	0	2.0	38
	chrM	3664	0	1.0	25
	chrM	3664	0	4.0	28
	chrM	3664	0	1.0	45
	chrM	3664	0	1.0	47
	chrM	3664	0	4.0	48
	chrM	3664	0	18.0	51
	chrM	3665	0	1.0	15
	chrM	3665	0	17.0	27
	chrM	3665	0	1.0	28
	chrM	3665	0	1.0	29
	chrM	3665	0	3.0	30
	chrM	3665	0	1.0	36
	chrM	3665	0	5.0	47
	chrM	3665	0	8.0	51
	chrM	3666	0	1.0	20
	chrM	3666	0	6.0	23
	chrM	3666	0	4.0	25
	chrM	3666	0	64.0	26
	chrM	3666	0	10.0	27
	chrM	3666	0	7.0	29
	chrM	3666	0	1.0	30
	chrM	3666	0	1.0	31
	chrM	3666	0	2.0	35
	chrM	3666	0	1.0	37
	chrM	3666	0	1.0	38
	chrM	3666	0	2.0	39
	chrM	3666	0	2.0	43
	chrM	3666	0	1.0	44
	chrM	3666	0	8.0	46
	chrM	3666	0	4.0	51
	chrM	3667	0	2.0	22
	chrM	3667	0	1.0	23
	chrM	3667	0	9.0	25
	chrM	3667	0	1.0	28
	chrM	3667	0	1.0	45
	chrM	3667	0	1.0	48
	chrM	3667	0	2.0	51
	chrM	3668	0	1.0	21
	chrM	3668	0	1.0	22
	chrM	3668	0	20.0	24
	chrM	3668	0	1.0	25
	chrM	3668	0	2.0	27
	chrM	3668	0	1.0	42
	chrM	3669	0	9.0	23
	chrM	3669	0	1.0	41
	chrM	3669	0	1.0	48
	chrM	3669	0	1.0	51
	chrM	3670	0	1.0	19
	chrM	3670	0	1.0	20
	chrM	3670	0	7.0	22
	chrM	3670	0	3.0	45
	chrM	3670	0	1.0	47
	chrM	3671	0	3.0	15
	chrM	3671	0	1.0	17
	chrM	3671	0	11.0	21
	chrM	3671	0	1.0	24
	chrM	3671	0	1.0	34
	chrM	3671	0	1.0	39
	chrM	3671	0	2.0	41
	chrM	3671	0	4.0	44
	chrM	3671	0	3.0	51
	chrM	3672	0	3.0	17
	chrM	3672	0	1.0	19
	chrM	3672	0	7.0	20
	chrM	3672	0	3.0	21
	chrM	3672	0	1.0	37
	chrM	3672	0	1.0	38
	chrM	3672	0	1.0	40
	chrM	3672	0	1.0	51
	chrM	3673	0	7.0	16
	chrM	3673	0	5.0	18
	chrM	3673	0	81.0	19
	chrM	3673	0	10.0	20
	chrM	3673	0	8.0	22
	chrM	3673	0	1.0	26
	chrM	3673	0	1.0	27
	chrM	3673	0	3.0	28
	chrM	3673	0	5.0	30
	chrM	3673	0	1.0	34
	chrM	3673	0	2.0	36
	chrM	3673	0	5.0	37
	chrM	3673	0	1.0	38
	chrM	3673	0	9.0	39
	chrM	3673	0	6.0	42
	chrM	3673	0	2.0	43
	chrM	3673	0	7.0	51
	chrM	3674	0	9.0	18
	chrM	3674	0	1.0	19
	chrM	3674	0	1.0	36
	chrM	3674	0	2.0	41
	chrM	3674	0	19.0	51
	chrM	3675	0	2.0	17
	chrM	3675	0	2.0	37
	chrM	3675	0	1.0	39
	chrM	3675	0	2.0	51
	chrM	3676	0	14.0	16
	chrM	3676	0	1.0	19
	chrM	3676	0	2.0	24
	chrM	3676	0	1.0	34
	chrM	3676	0	1.0	36
	chrM	3676	0	3.0	39
	chrM	3676	0	1.0	48
	chrM	3677	0	5.0	15
	chrM	3677	0	2.0	35
	chrM	3677	0	2.0	38
	chrM	3677	0	2.0	51
	chrM	3678	0	1.0	37
	chrM	3679	0	1.0	16
	chrM	3679	0	2.0	36
	chrM	3679	0	1.0	38
	chrM	3679	0	3.0	51
	chrM	3680	0	1.0	29
	chrM	3680	0	5.0	32
	chrM	3680	0	3.0	35
	chrM	3680	0	1.0	44
	chrM	3680	0	3.0	45
	chrM	3680	0	1.0	47
	chrM	3681	0	1.0	20
	chrM	3681	0	1.0	24
	chrM	3681	0	2.0	29
	chrM	3681	0	5.0	31
	chrM	3681	0	2.0	34
	chrM	3681	0	2.0	44
	chrM	3682	0	1.0	27
	chrM	3683	0	1.0	20
	chrM	3683	0	2.0	27
	chrM	3683	0	4.0	29
	chrM	3683	0	2.0	32
	chrM	3683	0	2.0	41
	chrM	3684	0	2.0	26
	chrM	3684	0	2.0	28
	chrM	3684	0	1.0	38
	chrM	3684	0	1.0	51
	chrM	3685	0	2.0	16
	chrM	3685	0	1.0	25
	chrM	3685	0	4.0	27
	chrM	3685	0	2.0	30
	chrM	3685	0	1.0	33
	chrM	3685	0	1.0	45
	chrM	3685	0	2.0	51
	chrM	3709	1	1.0	30
	chrM	3709	1	1.0	44
	chrM	4083	0	1.0	20
	chrM	4205	0	1.0	47
	chrM	4205	0	1.0	51
	chrM	4206	0	3.0	51
	chrM	4207	0	1.0	51
	chrM	4209	0	2.0	51
	chrM	4212	0	1.0	45
	chrM	4213	0	1.0	51
	chrM	4214	0	1.0	43
	chrM	4214	0	1.0	44
	chrM	4214	0	1.0	51
	chrM	4216	0	1.0	51
	chrM	4217	0	2.0	48
	chrM	4218	0	1.0	51
	chrM	4221	0	4.0	51
	chrM	4222	0	1.0	30
	chrM	4222	0	1.0	37
	chrM	4222	0	1.0	51
	chrM	4223	0	2.0	51
	chrM	4224	0	1.0	33
	chrM	4224	0	1.0	37
	chrM	4225	0	1.0	51
	chrM	4226	0	1.0	31
	chrM	4227	0	3.0	51
	chrM	4228	0	1.0	51
	chrM	4229	0	1.0	23
	chrM	4230	0	1.0	27
	chrM	4231	0	1.0	33
	chrM	4233	0	2.0	24
	chrM	4233	0	3.0	39
	chrM	4233	0	1.0	44
	chrM	4233	0	1.0	45
	chrM	4233	0	1.0	51
	chrM	4234	0	1.0	38
	chrM	4234	0	1.0	44
	chrM	4234	0	2.0	51
	chrM	4235	0	1.0	37
	chrM	4236	0	1.0	28
	chrM	4236	0	1.0	36
	chrM	4237	0	3.0	35
	chrM	4238	0	1.0	19
	chrM	4238	0	1.0	25
	chrM	4238	0	2.0	34
	chrM	4238	0	2.0	35
	chrM	4238	0	1.0	51
	chrM	4239	0	1.0	18
	chrM	4239	0	1.0	21
	chrM	4239	0	2.0	33
	chrM	4239	0	2.0	46
	chrM	4240	0	2.0	21
	chrM	4240	0	1.0	51
	chrM	4241	0	9.0	16
	chrM	4241	0	2.0	18
	chrM	4241	0	1.0	19
	chrM	4241	0	1.0	22
	chrM	4241	0	1.0	28
	chrM	4241	0	2.0	31
	chrM	4241	0	2.0	32
	chrM	4241	0	1.0	37
	chrM	4241	0	2.0	38
	chrM	4241	0	2.0	39
	chrM	4241	0	1.0	43
	chrM	4241	0	1.0	45
	chrM	4241	0	1.0	51
	chrM	4242	0	1.0	29
	chrM	4242	0	1.0	30
	chrM	4242	0	1.0	31
	chrM	4242	0	1.0	36
	chrM	4242	0	1.0	51
	chrM	4243	0	2.0	29
	chrM	4243	0	1.0	30
	chrM	4243	0	2.0	31
	chrM	4243	0	1.0	32
	chrM	4243	0	1.0	34
	chrM	4243	0	2.0	36
	chrM	4243	0	2.0	38
	chrM	4243	0	1.0	51
	chrM	4244	0	1.0	15
	chrM	4244	0	13.0	16
	chrM	4244	0	2.0	19
	chrM	4244	0	1.0	21
	chrM	4244	0	1.0	25
	chrM	4244	0	7.0	28
	chrM	4244	0	1.0	29
	chrM	4244	0	1.0	33
	chrM	4244	0	1.0	34
	chrM	4245	0	1.0	15
	chrM	4245	0	1.0	33
	chrM	4246	0	1.0	23
	chrM	4247	0	2.0	25
	chrM	4279	1	1.0	34
	chrM	4549	0	2.0	51
	chrM	4554	0	4.0	51
	chrM	4558	0	2.0	51
	chrM	4561	0	1.0	42
	chrM	4563	0	1.0	40
	chrM	4563	0	1.0	51
	chrM	4565	0	3.0	44
	chrM	4567	0	4.0	38
	chrM	4567	0	2.0	42
	chrM	4567	0	1.0	51
	chrM	4568	0	8.0	51
	chrM	4569	0	3.0	40
	chrM	4569	0	1.0	42
	chrM	4569	0	2.0	45
	chrM	4570	0	1.0	46
	chrM	4570	0	1.0	51
	chrM	4571	0	1.0	33
	chrM	4571	0	2.0	34
	chrM	4571	0	1.0	35
	chrM	4571	0	1.0	38
	chrM	4571	0	1.0	44
	chrM	4571	0	1.0	45
	chrM	4571	0	1.0	46
	chrM	4571	0	1.0	48
	chrM	4571	0	1.0	51
	chrM	4572	0	1.0	37
	chrM	4573	0	1.0	30
	chrM	4573	0	1.0	39
	chrM	4573	0	1.0	43
	chrM	4574	0	1.0	30
	chrM	4574	0	1.0	31
	chrM	4575	0	1.0	44
	chrM	4576	0	2.0	33
	chrM	4576	0	1.0	40
	chrM	4577	0	1.0	26
	chrM	4577	0	1.0	32
	chrM	4577	0	5.0	42
	chrM	4577	0	1.0	45
	chrM	4578	0	1.0	41
	chrM	4578	0	3.0	51
	chrM	4579	0	2.0	24
	chrM	4579	0	1.0	27
	chrM	4579	0	1.0	30
	chrM	4579	0	1.0	40
	chrM	4579	0	1.0	43
	chrM	4579	0	1.0	51
	chrM	4580	0	1.0	21
	chrM	4580	0	1.0	23
	chrM	4580	0	1.0	25
	chrM	4580	0	4.0	29
	chrM	4580	0	1.0	34
	chrM	4580	0	1.0	42
	chrM	4580	0	1.0	51
	chrM	4581	0	3.0	22
	chrM	4581	0	3.0	24
	chrM	4581	0	1.0	26
	chrM	4581	0	1.0	28
	chrM	4581	0	1.0	38
	chrM	4581	0	1.0	45
	chrM	4581	0	1.0	51
	chrM	4582	0	2.0	23
	chrM	4582	0	1.0	27
	chrM	4582	0	1.0	29
	chrM	4582	0	1.0	32
	chrM	4582	0	3.0	37
	chrM	4582	0	1.0	51
	chrM	4583	0	1.0	22
	chrM	4583	0	2.0	26
	chrM	4583	0	1.0	31
	chrM	4583	0	2.0	51
	chrM	4584	0	1.0	28
	chrM	4584	0	1.0	38
	chrM	4584	0	1.0	40
	chrM	4584	0	1.0	44
	chrM	4585	0	1.0	31
	chrM	4585	0	2.0	34
	chrM	4585	0	1.0	51
	chrM	4586	0	1.0	17
	chrM	4586	0	3.0	19
	chrM	4586	0	2.0	23
	chrM	4586	0	1.0	28
	chrM	4586	0	1.0	30
	chrM	4586	0	4.0	33
	chrM	4586	0	1.0	36
	chrM	4586	0	2.0	45
	chrM	4586	0	1.0	51
	chrM	4587	0	6.0	22
	chrM	4587	0	1.0	47
	chrM	4588	0	1.0	23
	chrM	4590	0	2.0	20
	chrM	4592	0	1.0	19
	chrM	4592	0	1.0	20
	chrM	4592	0	1.0	24
	chrM	4592	0	2.0	27
	chrM	4592	0	1.0	30
	chrM	4593	0	2.0	16
	chrM	4593	0	1.0	21
	chrM	4593	0	2.0	28
	chrM	4594	0	2.0	15
	chrM	4594	0	2.0	18
	chrM	4594	0	1.0	20
	chrM	4594	0	1.0	21
	chrM	4594	0	1.0	24
	chrM	4594	0	2.0	25
	chrM	4595	0	3.0	17
	chrM	4595	0	4.0	19
	chrM	4595	0	3.0	21
	chrM	4595	0	6.0	23
	chrM	4595	0	12.0	24
	chrM	4595	0	5.0	27
	chrM	4595	0	1.0	30
	chrM	4595	0	1.0	33
	chrM	4595	0	1.0	34
	chrM	4595	0	2.0	35
	chrM	4595	0	1.0	36
	chrM	4595	0	3.0	39
	chrM	4595	0	2.0	42
	chrM	4596	0	1.0	20
	chrM	4596	0	1.0	23
	chrM	4596	0	1.0	24
	chrM	4596	0	1.0	26
	chrM	4597	0	2.0	17
	chrM	4597	0	1.0	19
	chrM	4597	0	5.0	22
	chrM	4597	0	1.0	28
	chrM	4597	0	1.0	32
	chrM	4597	0	1.0	37
	chrM	4597	0	1.0	38
	chrM	4598	0	1.0	35
	chrM	4598	0	1.0	39
	chrM	4599	0	1.0	29
	chrM	4599	0	3.0	51
	chrM	4600	0	1.0	19
	chrM	4600	0	1.0	32
	chrM	4600	0	1.0	34
	chrM	4600	0	2.0	48
	chrM	4601	0	7.0	18
	chrM	4601	0	1.0	36
	chrM	4601	0	2.0	51
	chrM	4602	0	2.0	17
	chrM	4602	0	1.0	18
	chrM	4603	0	1.0	31
	chrM	4604	0	3.0	51
	chrM	4607	0	1.0	24
	chrM	4607	0	1.0	28
	chrM	4607	0	1.0	34
	chrM	4607	0	1.0	51
	chrM	4608	0	1.0	29
	chrM	4609	0	4.0	20
	chrM	4609	0	1.0	26
	chrM	4610	0	2.0	24
	chrM	4611	0	3.0	23
	chrM	4611	1	3.0	19
	chrM	4612	0	3.0	22
	chrM	4612	0	1.0	37
	chrM	4612	0	1.0	42
	chrM	4613	0	1.0	18
	chrM	4614	0	2.0	20
	chrM	4614	0	4.0	21
	chrM	4614	0	1.0	23
	chrM	4614	0	1.0	25
	chrM	4614	0	1.0	36
	chrM	4614	0	1.0	37
	chrM	4614	0	2.0	41
	chrM	4614	0	2.0	44
	chrM	4615	0	2.0	19
	chrM	4616	0	2.0	18
	chrM	4616	0	1.0	19
	chrM	4616	0	2.0	20
	chrM	4712	0	1.0	51
	chrM	4713	0	2.0	51
	chrM	4715	0	1.0	51
	chrM	4716	0	3.0	51
	chrM	4717	0	6.0	51
	chrM	4719	0	2.0	51
	chrM	4720	0	1.0	51
	chrM	4721	0	1.0	47
	chrM	4722	0	1.0	41
	chrM	4726	0	1.0	38
	chrM	4726	0	1.0	45
	chrM	4727	0	1.0	44
	chrM	4728	0	1.0	42
	chrM	4730	0	1.0	33
	chrM	4730	0	7.0	51
	chrM	4731	0	1.0	37
	chrM	4732	0	2.0	35
	chrM	4733	0	2.0	35
	chrM	4733	0	1.0	37
	chrM	4733	0	1.0	48
	chrM	4734	0	1.0	32
	chrM	4734	0	1.0	33
	chrM	4735	0	2.0	32
	chrM	4735	0	3.0	33
	chrM	4735	0	1.0	35
	chrM	4735	0	1.0	36
	chrM	4735	0	4.0	46
	chrM	4735	0	3.0	51
	chrM	4736	0	1.0	28
	chrM	4736	0	1.0	31
	chrM	4736	0	8.0	32
	chrM	4736	0	1.0	35
	chrM	4736	0	1.0	37
	chrM	4736	0	8.0	45
	chrM	4736	0	1.0	48
	chrM	4737	0	1.0	46
	chrM	4738	0	2.0	30
	chrM	4738	0	1.0	43
	chrM	4740	0	1.0	24
	chrM	4740	0	4.0	28
	chrM	4741	0	2.0	25
	chrM	4741	0	7.0	51
	chrM	4742	0	1.0	24
	chrM	4742	0	3.0	26
	chrM	4742	0	2.0	29
	chrM	4742	0	2.0	39
	chrM	4743	0	1.0	23
	chrM	4743	0	1.0	25
	chrM	4743	0	1.0	51
	chrM	4744	0	6.0	23
	chrM	4744	0	6.0	24
	chrM	4744	0	3.0	27
	chrM	4744	0	1.0	28
	chrM	4744	0	1.0	37
	chrM	4744	0	1.0	39
	chrM	4744	0	1.0	48
	chrM	4744	0	4.0	51
	chrM	4745	0	1.0	22
	chrM	4745	0	2.0	23
	chrM	4746	0	1.0	17
	chrM	4746	0	2.0	18
	chrM	4746	0	1.0	19
	chrM	4746	0	3.0	20
	chrM	4746	0	4.0	21
	chrM	4746	0	17.0	22
	chrM	4746	0	1.0	23
	chrM	4746	0	2.0	24
	chrM	4746	0	1.0	25
	chrM	4746	0	1.0	27
	chrM	4746	0	6.0	35
	chrM	4746	0	1.0	37
	chrM	4746	0	1.0	39
	chrM	4746	0	1.0	40
	chrM	4746	0	2.0	46
	chrM	4747	0	1.0	51
	chrM	4748	0	1.0	15
	chrM	4748	0	2.0	19
	chrM	4748	0	3.0	20
	chrM	4748	0	1.0	25
	chrM	4749	0	2.0	15
	chrM	4749	0	5.0	18
	chrM	4750	0	9.0	16
	chrM	4750	0	16.0	17
	chrM	4750	0	37.0	18
	chrM	4750	0	16.0	20
	chrM	4750	0	17.0	21
	chrM	4750	0	1.0	23
	chrM	4750	0	1.0	25
	chrM	4750	0	2.0	26
	chrM	4750	0	1.0	28
	chrM	4750	0	2.0	30
	chrM	4750	0	38.0	31
	chrM	4750	0	2.0	41
	chrM	4750	0	3.0	42
	chrM	4750	0	2.0	44
	chrM	4751	0	1.0	15
	chrM	4751	0	3.0	16
	chrM	4751	0	3.0	17
	chrM	4751	0	2.0	20
	chrM	4751	0	1.0	21
	chrM	4751	0	1.0	31
	chrM	4751	0	1.0	51
	chrM	4752	0	1.0	16
	chrM	4752	0	1.0	24
	chrM	4752	0	2.0	29
	chrM	4753	0	3.0	17
	chrM	4753	0	2.0	18
	chrM	4753	0	1.0	32
	chrM	4753	0	1.0	33
	chrM	4753	0	1.0	40
	chrM	4753	0	4.0	51
	chrM	4754	0	1.0	16
	chrM	4754	0	1.0	17
	chrM	4754	0	1.0	22
	chrM	4754	0	5.0	38
	chrM	4754	0	1.0	41
	chrM	4754	0	1.0	51
	chrM	4755	0	35.0	15
	chrM	4755	0	13.0	16
	chrM	4755	0	8.0	17
	chrM	4755	0	2.0	18
	chrM	4755	0	1.0	20
	chrM	4755	0	2.0	21
	chrM	4755	0	3.0	23
	chrM	4755	0	1.0	25
	chrM	4755	0	20.0	26
	chrM	4755	0	3.0	27
	chrM	4755	0	1.0	28
	chrM	4755	0	6.0	30
	chrM	4755	0	1.0	34
	chrM	4755	0	1.0	36
	chrM	4755	0	15.0	37
	chrM	4755	0	2.0	40
	chrM	4755	0	1.0	41
	chrM	4756	0	2.0	25
	chrM	4756	0	3.0	29
	chrM	4756	0	2.0	36
	chrM	4756	0	2.0	48
	chrM	4756	0	3.0	51
	chrM	4757	0	1.0	24
	chrM	4757	0	1.0	28
	chrM	4757	0	3.0	29
	chrM	4757	0	1.0	31
	chrM	4757	0	2.0	35
	chrM	4757	0	1.0	36
	chrM	4757	0	1.0	38
	chrM	4757	0	1.0	45
	chrM	4758	0	1.0	24
	chrM	4758	0	4.0	27
	chrM	4758	0	1.0	28
	chrM	4758	0	1.0	31
	chrM	4758	0	12.0	34
	chrM	4758	0	4.0	35
	chrM	4758	0	1.0	36
	chrM	4758	0	3.0	37
	chrM	4758	0	1.0	44
	chrM	4758	0	1.0	46
	chrM	4759	0	1.0	19
	chrM	4759	0	1.0	25
	chrM	4759	0	4.0	26
	chrM	4759	0	1.0	28
	chrM	4759	0	1.0	32
	chrM	4759	0	10.0	33
	chrM	4759	0	1.0	36
	chrM	4759	0	1.0	45
	chrM	4760	0	1.0	51
	chrM	4762	0	6.0	51
	chrM	4767	1	3.0	18
	chrM	4768	1	1.0	27
	chrM	4769	1	1.0	28
	chrM	4802	1	1.0	51
	chrM	5168	0	6.0	51
	chrM	5169	0	1.0	51
	chrM	5175	0	1.0	45
	chrM	5176	0	1.0	51
	chrM	5179	0	1.0	51
	chrM	5180	0	3.0	51
	chrM	5181	0	1.0	36
	chrM	5182	0	1.0	37
	chrM	5183	0	1.0	36
	chrM	5183	0	1.0	40
	chrM	5184	0	1.0	29
	chrM	5184	0	2.0	32
	chrM	5184	0	5.0	35
	chrM	5184	0	2.0	46
	chrM	5184	0	1.0	47
	chrM	5185	0	1.0	35
	chrM	5185	0	1.0	51
	chrM	5186	0	2.0	33
	chrM	5189	0	1.0	30
	chrM	5189	0	1.0	45
	chrM	5190	0	1.0	29
	chrM	5190	0	2.0	40
	chrM	5191	0	1.0	28
	chrM	5191	0	3.0	51
	chrM	5192	0	3.0	27
	chrM	5192	0	2.0	28
	chrM	5192	0	1.0	29
	chrM	5192	0	1.0	42
	chrM	5194	0	2.0	19
	chrM	5194	0	1.0	22
	chrM	5194	0	4.0	25
	chrM	5194	0	1.0	28
	chrM	5194	0	1.0	33
	chrM	5194	0	5.0	51
	chrM	5196	0	1.0	51
	chrM	5197	0	2.0	22
	chrM	5198	0	1.0	18
	chrM	5198	0	4.0	21
	chrM	5198	0	1.0	22
	chrM	5198	0	1.0	25
	chrM	5199	0	1.0	24
	chrM	5200	0	1.0	16
	chrM	5200	0	10.0	19
	chrM	5200	0	2.0	21
	chrM	5200	0	1.0	23
	chrM	5200	0	1.0	51
	chrM	5201	0	12.0	18
	chrM	5201	0	4.0	19
	chrM	5201	0	1.0	29
	chrM	5201	0	2.0	30
	chrM	5201	0	2.0	33
	chrM	5201	0	1.0	39
	chrM	5201	0	1.0	41
	chrM	5201	0	1.0	44
	chrM	5202	0	7.0	17
	chrM	5202	0	2.0	18
	chrM	5202	0	1.0	43
	chrM	5203	0	1.0	42
	chrM	5204	0	1.0	23
	chrM	5204	0	1.0	30
	chrM	5204	0	2.0	38
	chrM	5204	0	2.0	41
	chrM	5204	0	3.0	43
	chrM	5204	0	1.0	51
	chrM	5205	0	2.0	17
	chrM	5205	0	2.0	18
	chrM	5205	0	3.0	22
	chrM	5205	0	2.0	24
	chrM	5205	0	10.0	25
	chrM	5205	0	4.0	26
	chrM	5205	0	3.0	27
	chrM	5205	0	2.0	34
	chrM	5205	0	3.0	37
	chrM	5205	0	3.0	40
	chrM	5205	0	1.0	46
	chrM	5205	0	7.0	51
	chrM	5206	0	1.0	51
	chrM	5207	0	1.0	24
	chrM	5207	0	1.0	27
	chrM	5207	0	2.0	38
	chrM	5207	0	2.0	39
	chrM	5207	0	6.0	51
	chrM	5208	0	2.0	32
	chrM	5208	0	1.0	34
	chrM	5208	0	1.0	37
	chrM	5208	0	1.0	43
	chrM	5208	0	1.0	47
	chrM	5208	0	2.0	51
	chrM	5209	0	5.0	18
	chrM	5209	0	6.0	20
	chrM	5209	0	8.0	21
	chrM	5209	0	12.0	22
	chrM	5209	0	8.0	23
	chrM	5209	0	2.0	24
	chrM	5209	0	9.0	25
	chrM	5209	0	2.0	27
	chrM	5209	0	2.0	30
	chrM	5209	0	5.0	31
	chrM	5209	0	1.0	32
	chrM	5209	0	8.0	33
	chrM	5209	0	9.0	36
	chrM	5209	0	1.0	42
	chrM	5209	0	3.0	46
	chrM	5209	0	7.0	47
	chrM	5209	0	1.0	51
	chrM	5210	0	1.0	20
	chrM	5210	0	2.0	21
	chrM	5210	0	1.0	35
	chrM	5210	0	1.0	45
	chrM	5210	0	2.0	46
	chrM	5211	0	31.0	16
	chrM	5211	0	9.0	18
	chrM	5211	0	35.0	19
	chrM	5211	0	21.0	20
	chrM	5211	0	10.0	21
	chrM	5211	0	10.0	22
	chrM	5211	0	10.0	23
	chrM	5211	0	1.0	24
	chrM	5211	0	3.0	25
	chrM	5211	0	5.0	28
	chrM	5211	0	6.0	31
	chrM	5211	0	15.0	34
	chrM	5211	0	1.0	35
	chrM	5211	0	1.0	36
	chrM	5211	0	1.0	44
	chrM	5211	0	3.0	45
	chrM	5211	0	2.0	46
	chrM	5211	0	4.0	47
	chrM	5212	0	1.0	17
	chrM	5212	0	3.0	18
	chrM	5212	0	3.0	19
	chrM	5212	0	1.0	22
	chrM	5212	0	1.0	28
	chrM	5212	0	1.0	30
	chrM	5212	0	2.0	33
	chrM	5212	0	1.0	43
	chrM	5212	0	1.0	44
	chrM	5212	0	4.0	46
	chrM	5215	1	1.0	51
	chrM	5252	1	1.0	41
	chrM	5302	0	1.0	46
	chrM	5305	0	1.0	48
	chrM	5305	0	4.0	51
	chrM	5308	0	2.0	51
	chrM	5309	0	3.0	51
	chrM	5311	0	2.0	45
	chrM	5311	0	1.0	46
	chrM	5311	0	8.0	51
	chrM	5313	0	1.0	51
	chrM	5314	0	1.0	46
	chrM	5314	0	2.0	48
	chrM	5314	0	7.0	51
	chrM	5315	0	1.0	47
	chrM	5316	0	1.0	41
	chrM	5316	0	5.0	42
	chrM	5316	0	2.0	46
	chrM	5316	0	1.0	48
	chrM	5317	0	3.0	31
	chrM	5317	0	2.0	39
	chrM	5317	0	1.0	41
	chrM	5317	0	6.0	51
	chrM	5318	0	1.0	36
	chrM	5318	0	1.0	38
	chrM	5319	0	1.0	35
	chrM	5320	0	1.0	38
	chrM	5320	0	1.0	42
	chrM	5321	0	1.0	35
	chrM	5321	0	1.0	47
	chrM	5322	0	1.0	34
	chrM	5323	0	4.0	33
	chrM	5323	0	3.0	34
	chrM	5323	0	1.0	35
	chrM	5323	0	3.0	36
	chrM	5323	0	1.0	37
	chrM	5323	0	7.0	39
	chrM	5323	0	3.0	42
	chrM	5323	0	2.0	45
	chrM	5324	0	3.0	32
	chrM	5324	0	3.0	38
	chrM	5324	0	1.0	41
	chrM	5325	0	1.0	33
	chrM	5326	0	2.0	22
	chrM	5326	0	3.0	25
	chrM	5326	0	11.0	30
	chrM	5326	0	7.0	31
	chrM	5326	0	6.0	32
	chrM	5326	0	4.0	34
	chrM	5326	0	19.0	36
	chrM	5326	0	1.0	38
	chrM	5326	0	10.0	39
	chrM	5326	0	1.0	40
	chrM	5326	0	3.0	42
	chrM	5327	0	1.0	21
	chrM	5327	0	1.0	23
	chrM	5327	0	2.0	35
	chrM	5328	0	3.0	20
	chrM	5328	0	5.0	28
	chrM	5328	0	3.0	29
	chrM	5328	0	2.0	30
	chrM	5328	0	1.0	36
	chrM	5328	0	3.0	37
	chrM	5328	0	4.0	51
	chrM	5329	0	1.0	27
	chrM	5329	0	1.0	28
	chrM	5329	0	2.0	33
	chrM	5329	0	1.0	36
	chrM	5329	0	2.0	39
	chrM	5329	0	1.0	45
	chrM	5329	0	1.0	51
	chrM	5330	0	1.0	34
	chrM	5330	0	2.0	48
	chrM	5331	0	1.0	17
	chrM	5331	0	1.0	19
	chrM	5331	0	4.0	25
	chrM	5331	0	1.0	26
	chrM	5331	0	1.0	31
	chrM	5331	0	1.0	34
	chrM	5332	0	1.0	33
	chrM	5332	0	1.0	46
	chrM	5332	0	1.0	51
	chrM	5333	0	5.0	15
	chrM	5333	0	1.0	23
	chrM	5333	0	3.0	24
	chrM	5333	0	2.0	25
	chrM	5333	0	1.0	26
	chrM	5333	0	1.0	27
	chrM	5333	0	4.0	29
	chrM	5333	0	6.0	32
	chrM	5333	0	1.0	35
	chrM	5333	0	2.0	44
	chrM	5334	0	1.0	22
	chrM	5334	0	1.0	31
	chrM	5334	0	1.0	34
	chrM	5335	0	1.0	16
	chrM	5335	0	1.0	19
	chrM	5335	0	7.0	21
	chrM	5335	0	1.0	22
	chrM	5335	0	4.0	23
	chrM	5335	0	2.0	27
	chrM	5335	0	3.0	29
	chrM	5335	0	3.0	30
	chrM	5335	0	1.0	33
	chrM	5335	0	1.0	35
	chrM	5335	0	2.0	46
	chrM	5335	0	1.0	48
	chrM	5335	0	2.0	51
	chrM	5336	0	4.0	20
	chrM	5336	0	4.0	21
	chrM	5336	0	1.0	26
	chrM	5336	0	1.0	30
	chrM	5337	0	4.0	19
	chrM	5337	0	2.0	20
	chrM	5337	0	2.0	25
	chrM	5337	0	1.0	41
	chrM	5338	0	1.0	12
	chrM	5338	0	1.0	16
	chrM	5338	0	65.0	18
	chrM	5338	0	26.0	19
	chrM	5338	0	16.0	20
	chrM	5338	0	5.0	21
	chrM	5338	0	21.0	22
	chrM	5338	0	5.0	23
	chrM	5338	0	83.0	24
	chrM	5338	0	11.0	26
	chrM	5338	0	28.0	27
	chrM	5338	0	1.0	28
	chrM	5338	0	1.0	29
	chrM	5338	0	18.0	30
	chrM	5338	0	1.0	32
	chrM	5338	0	2.0	39
	chrM	5338	0	8.0	40
	chrM	5338	0	1.0	41
	chrM	5338	0	1.0	42
	chrM	5338	0	1.0	43
	chrM	5338	0	1.0	44
	chrM	5338	0	1.0	48
	chrM	5338	0	1.0	51
	chrM	5339	0	4.0	17
	chrM	5339	0	2.0	19
	chrM	5339	0	1.0	21
	chrM	5339	0	3.0	23
	chrM	5339	0	1.0	26
	chrM	5339	0	2.0	27
	chrM	5339	0	2.0	29
	chrM	5339	0	1.0	41
	chrM	5339	0	1.0	42
	chrM	5340	0	4.0	18
	chrM	5340	0	2.0	22
	chrM	5340	0	2.0	28
	chrM	5340	0	1.0	51
	chrM	5341	0	56.0	16
	chrM	5341	0	57.0	17
	chrM	5341	0	2.0	18
	chrM	5341	0	20.0	19
	chrM	5341	0	1.0	20
	chrM	5341	0	147.0	21
	chrM	5341	0	1.0	22
	chrM	5341	0	18.0	23
	chrM	5341	0	57.0	24
	chrM	5341	0	3.0	25
	chrM	5341	0	1.0	26
	chrM	5341	0	39.0	27
	chrM	5341	0	1.0	28
	chrM	5341	0	1.0	29
	chrM	5341	0	2.0	30
	chrM	5341	0	13.0	37
	chrM	5341	0	7.0	38
	chrM	5341	0	5.0	39
	chrM	5341	0	2.0	40
	chrM	5341	0	4.0	42
	chrM	5341	0	1.0	44
	chrM	5341	0	2.0	45
	chrM	5341	0	1.0	48
	chrM	5342	0	1.0	16
	chrM	5342	0	11.0	20
	chrM	5342	0	5.0	23
	chrM	5342	0	2.0	26
	chrM	5342	0	1.0	36
	chrM	5342	0	1.0	37
	chrM	5342	0	1.0	44
	chrM	5342	0	6.0	51
	chrM	5343	0	2.0	15
	chrM	5343	0	1.0	22
	chrM	5343	0	3.0	25
	chrM	5343	0	1.0	37
	chrM	5343	0	2.0	43
	chrM	5343	0	6.0	51
	chrM	5345	0	1.0	19
	chrM	5345	0	1.0	23
	chrM	5345	0	1.0	51
	chrM	5357	1	1.0	19
	chrM	5371	1	1.0	33
	chrM	5936	0	1.0	25
	chrM	5937	0	1.0	24
	chrM	5940	0	5.0	21
	chrM	5943	0	2.0	18
	chrM	5946	0	1.0	15
	chrM	5953	0	1.0	8
	chrM	5955	0	6.0	6
	chrM	5956	0	1.0	5
	chrM	5957	0	2.0	4
	chrM	5958	0	5.0	3
	chrM	5961	0	2.0	28
	chrM	5962	0	1.0	24
	chrM	5962	0	6.0	27
	chrM	5962	0	1.0	28
	chrM	5962	0	1.0	30
	chrM	5962	0	1.0	31
	chrM	5963	0	1.0	24
	chrM	5963	0	2.0	26
	chrM	5964	0	2.0	22
	chrM	5964	0	1.0	23
	chrM	5964	0	2.0	25
	chrM	5965	0	1.0	21
	chrM	5965	0	1.0	22
	chrM	5965	0	8.0	24
	chrM	5965	0	2.0	27
	chrM	5965	0	1.0	51
	chrM	5966	0	2.0	23
	chrM	5966	0	1.0	26
	chrM	5966	0	1.0	27
	chrM	5966	0	1.0	29
	chrM	5967	0	1.0	20
	chrM	5967	0	1.0	21
	chrM	5967	0	2.0	22
	chrM	5967	0	1.0	24
	chrM	5967	0	4.0	25
	chrM	5967	0	2.0	26
	chrM	5968	0	2.0	21
	chrM	5968	0	1.0	24
	chrM	5969	0	7.0	18
	chrM	5969	0	10.0	20
	chrM	5969	0	1.0	22
	chrM	5969	0	1.0	24
	chrM	6009	0	1.0	47
	chrM	6017	0	1.0	36
	chrM	6023	0	1.0	46
	chrM	6027	0	1.0	29
	chrM	6027	0	1.0	51
	chrM	6031	0	1.0	51
	chrM	6032	0	1.0	24
	chrM	6032	0	5.0	51
	chrM	6033	0	1.0	37
	chrM	6033	0	2.0	51
	chrM	6034	0	1.0	25
	chrM	6035	0	6.0	18
	chrM	6035	0	1.0	20
	chrM	6035	0	2.0	21
	chrM	6035	0	2.0	27
	chrM	6035	0	1.0	34
	chrM	6035	0	3.0	35
	chrM	6035	0	2.0	36
	chrM	6035	0	3.0	48
	chrM	6035	0	1.0	51
	chrM	6037	0	1.0	24
	chrM	6037	0	1.0	37
	chrM	6039	0	2.0	23
	chrM	6040	0	1.0	16
	chrM	6040	0	3.0	17
	chrM	6040	0	2.0	21
	chrM	6040	0	1.0	29
	chrM	6042	0	2.0	41
	chrM	6042	0	1.0	42
	chrM	6043	0	1.0	16
	chrM	6043	0	1.0	18
	chrM	6043	0	5.0	51
	chrM	6044	0	2.0	17
	chrM	6044	0	1.0	29
	chrM	6045	0	1.0	24
	chrM	6045	0	2.0	38
	chrM	6045	0	3.0	40
	chrM	6277	0	1.0	32
	chrM	6279	0	4.0	25
	chrM	6280	0	2.0	24
	chrM	6990	1	1.0	39
	chrM	7180	1	1.0	25
	chrM	7180	1	1.0	28
	chrM	7180	1	1.0	31
	chrM	7181	1	3.0	26
	chrM	7181	1	3.0	29
	chrM	7181	1	1.0	31
	chrM	7181	1	1.0	32
	chrM	7181	1	1.0	34
	chrM	7181	1	1.0	42
	chrM	7182	1	1.0	27
	chrM	7184	1	1.0	32
	chrM	7185	1	1.0	18
	chrM	7185	1	3.0	30
	chrM	7185	1	1.0	31
	chrM	7185	1	1.0	34
	chrM	7185	1	2.0	35
	chrM	7186	1	4.0	48
	chrM	7187	1	1.0	21
	chrM	7188	1	1.0	35
	chrM	7189	1	2.0	37
	chrM	7189	1	4.0	51
	chrM	7190	1	1.0	37
	chrM	7190	1	1.0	51
	chrM	7191	1	1.0	24
	chrM	7191	1	1.0	25
	chrM	7191	1	3.0	36
	chrM	7193	1	1.0	23
	chrM	7193	1	2.0	38
	chrM	7194	1	1.0	28
	chrM	7194	1	1.0	39
	chrM	7195	1	1.0	16
	chrM	7197	1	1.0	27
	chrM	7198	1	1.0	22
	chrM	7198	1	1.0	28
	chrM	7198	1	1.0	33
	chrM	7200	1	1.0	21
	chrM	7201	1	1.0	22
	chrM	7201	1	1.0	23
	chrM	7202	1	2.0	23
	chrM	7203	1	1.0	24
	chrM	7203	1	1.0	25
	chrM	7203	1	1.0	31
	chrM	7204	1	1.0	51
	chrM	7205	1	1.0	51
	chrM	7215	1	1.0	36
	chrM	7217	1	1.0	51
	chrM	7230	1	1.0	51
	chrM	7890	1	1.0	32
	chrM	7892	1	1.0	17
	chrM	7892	1	1.0	22
	chrM	7894	1	1.0	19
	chrM	7894	1	1.0	39
	chrM	7895	1	2.0	25
	chrM	7897	1	3.0	22
	chrM	7897	1	1.0	42
	chrM	7898	1	1.0	23
	chrM	7899	1	5.0	21
	chrM	7899	1	1.0	41
	chrM	7899	1	1.0	47
	chrM	7900	1	1.0	51
	chrM	7901	1	2.0	17
	chrM	7901	1	1.0	40
	chrM	7903	1	1.0	51
	chrM	7905	1	2.0	35
	chrM	7909	1	1.0	51
	chrM	7910	1	1.0	40
	chrM	7911	1	2.0	27
	chrM	7911	1	1.0	34
	chrM	7911	1	2.0	41
	chrM	7913	1	1.0	38
	chrM	7915	1	1.0	40
	chrM	7915	1	2.0	45
	chrM	7915	1	1.0	51
	chrM	7916	1	1.0	40
	chrM	7926	1	1.0	51
	chrM	7928	1	1.0	51
	chrM	7929	1	2.0	51
	chrM	8875	1	1.0	29
	chrM	8875	1	2.0	36
	chrM	8876	1	3.0	17
	chrM	8876	1	1.0	24
	chrM	8876	1	1.0	27
	chrM	8876	1	4.0	37
	chrM	8876	1	2.0	40
	chrM	8876	1	3.0	41
	chrM	8876	1	1.0	42
	chrM	8876	1	1.0	45
	chrM	8877	1	3.0	18
	chrM	8877	1	1.0	30
	chrM	8877	1	2.0	38
	chrM	8877	1	2.0	41
	chrM	8877	1	3.0	51
	chrM	8878	1	5.0	19
	chrM	8878	1	2.0	22
	chrM	8878	1	1.0	23
	chrM	8878	1	1.0	29
	chrM	8878	1	1.0	30
	chrM	8878	1	1.0	31
	chrM	8878	1	1.0	36
	chrM	8878	1	2.0	37
	chrM	8878	1	4.0	38
	chrM	8878	1	6.0	39
	chrM	8878	1	1.0	42
	chrM	8878	1	2.0	43
	chrM	8878	1	1.0	44
	chrM	8878	1	1.0	51
	chrM	8879	1	1.0	36
	chrM	8879	1	2.0	37
	chrM	8879	1	3.0	40
	chrM	8879	1	1.0	43
	chrM	8880	1	2.0	19
	chrM	8880	1	1.0	41
	chrM	8880	1	1.0	44
	chrM	8880	1	3.0	51
	chrM	8881	1	4.0	16
	chrM	8881	1	3.0	21
	chrM	8881	1	1.0	22
	chrM	8881	1	1.0	23
	chrM	8881	1	1.0	24
	chrM	8881	1	1.0	38
	chrM	8881	1	7.0	39
	chrM	8881	1	1.0	41
	chrM	8881	1	1.0	42
	chrM	8881	1	1.0	47
	chrM	8881	1	1.0	51
	chrM	8882	1	2.0	43
	chrM	8882	1	5.0	51
	chrM	8883	1	1.0	23
	chrM	8883	1	1.0	25
	chrM	8883	1	2.0	46
	chrM	8883	1	1.0	51
	chrM	8884	1	1.0	25
	chrM	8884	1	1.0	35
	chrM	8884	1	1.0	42
	chrM	8884	1	1.0	45
	chrM	8885	1	1.0	15
	chrM	8885	1	1.0	16
	chrM	8885	1	2.0	17
	chrM	8885	1	3.0	18
	chrM	8885	1	12.0	26
	chrM	8885	1	1.0	27
	chrM	8885	1	3.0	28
	chrM	8885	1	1.0	30
	chrM	8885	1	4.0	33
	chrM	8885	1	1.0	35
	chrM	8885	1	2.0	36
	chrM	8885	1	2.0	38
	chrM	8885	1	1.0	42
	chrM	8885	1	3.0	43
	chrM	8885	1	1.0	45
	chrM	8885	1	4.0	46
	chrM	8885	1	1.0	47
	chrM	8885	1	1.0	48
	chrM	8885	1	8.0	51
	chrM	8886	1	1.0	27
	chrM	8886	1	1.0	30
	chrM	8886	1	1.0	41
	chrM	8886	1	1.0	47
	chrM	8886	1	4.0	51
	chrM	8887	1	1.0	28
	chrM	8887	1	1.0	48
	chrM	8887	1	7.0	51
	chrM	8888	1	15.0	15
	chrM	8888	1	1.0	17
	chrM	8888	1	3.0	20
	chrM	8888	1	1.0	28
	chrM	8888	1	4.0	29
	chrM	8888	1	1.0	30
	chrM	8888	1	2.0	31
	chrM	8888	1	1.0	36
	chrM	8888	1	1.0	46
	chrM	8888	1	1.0	47
	chrM	8888	1	1.0	48
	chrM	8888	1	8.0	51
	chrM	8889	1	4.0	16
	chrM	8889	1	1.0	30
	chrM	8890	1	10.0	17
	chrM	8890	1	2.0	31
	chrM	8890	1	1.0	33
	chrM	8890	1	13.0	51
	chrM	8891	1	7.0	18
	chrM	8891	1	2.0	31
	chrM	8891	1	3.0	32
	chrM	8891	1	2.0	51
	chrM	8892	1	5.0	19
	chrM	8892	1	1.0	33
	chrM	8892	1	1.0	34
	chrM	8893	1	3.0	20
	chrM	8893	1	5.0	51
	chrM	8894	1	4.0	21
	chrM	8894	1	1.0	23
	chrM	8894	1	1.0	28
	chrM	8894	1	2.0	35
	chrM	8894	1	2.0	45
	chrM	8895	1	1.0	22
	chrM	8895	1	1.0	23
	chrM	8896	1	1.0	39
	chrM	8897	1	1.0	38
	chrM	8897	1	1.0	47
	chrM	8898	1	1.0	25
	chrM	8898	1	1.0	46
	chrM	8899	1	1.0	51
	chrM	8900	1	1.0	51
	chrM	8901	1	3.0	28
	chrM	8902	1	2.0	29
	chrM	8902	1	1.0	35
	chrM	8903	1	1.0	30
	chrM	8903	1	1.0	32
	chrM	8903	1	1.0	51
	chrM	8904	1	1.0	31
	chrM	8904	1	2.0	32
	chrM	8904	1	1.0	45
	chrM	8905	1	1.0	32
	chrM	8906	1	2.0	33
	chrM	8906	1	1.0	51
	chrM	8908	1	2.0	35
	chrM	8908	1	1.0	36
	chrM	8908	1	1.0	51
	chrM	8909	1	2.0	36
	chrM	8910	1	3.0	51
	chrM	8917	1	1.0	44
	chrM	8919	1	1.0	46
	chrM	8920	1	1.0	47
	chrM	8924	1	1.0	51
	chrM	8989	0	2.0	22
	chrM	9005	1	1.0	18
	chrM	9005	1	1.0	21
	chrM	9006	1	1.0	20
	chrM	9006	1	1.0	30
	chrM	9006	1	1.0	36
	chrM	9007	1	1.0	23
	chrM	9008	1	4.0	24
	chrM	9010	1	1.0	23
	chrM	9010	1	1.0	25
	chrM	9010	1	1.0	30
	chrM	9010	1	1.0	40
	chrM	9010	1	2.0	44
	chrM	9011	1	1.0	26
	chrM	9011	1	1.0	41
	chrM	9011	1	2.0	45
	chrM	9012	1	1.0	42
	chrM	9013	1	1.0	47
	chrM	9014	1	2.0	25
	chrM	9014	1	2.0	48
	chrM	9016	1	2.0	20
	chrM	9016	1	1.0	25
	chrM	9016	1	1.0	30
	chrM	9016	1	1.0	47
	chrM	9017	1	3.0	51
	chrM	9019	1	1.0	35
	chrM	9022	1	1.0	26
	chrM	9022	1	1.0	51
	chrM	9023	1	2.0	51
	chrM	9024	1	1.0	51
	chrM	9026	1	1.0	36
	chrM	9036	1	1.0	51
	chrM	9044	1	1.0	32
	chrM	9050	1	1.0	16
	chrM	9050	1	1.0	21
	chrM	9050	1	1.0	24
	chrM	9052	1	1.0	22
	chrM	9054	1	1.0	20
	chrM	9055	1	1.0	22
	chrM	9061	1	1.0	28
	chrM	9062	1	1.0	31
	chrM	9063	1	1.0	51
	chrM	9064	1	6.0	19
	chrM	9065	1	1.0	30
	chrM	9065	1	1.0	35
	chrM	9066	1	2.0	18
	chrM	9066	1	2.0	19
	chrM	9066	1	21.0	20
	chrM	9066	1	15.0	21
	chrM	9066	1	1.0	22
	chrM	9066	1	2.0	23
	chrM	9066	1	2.0	25
	chrM	9066	1	1.0	29
	chrM	9066	1	1.0	30
	chrM	9066	1	1.0	37
	chrM	9067	1	2.0	21
	chrM	9067	1	4.0	22
	chrM	9068	1	1.0	20
	chrM	9068	1	1.0	22
	chrM	9068	1	2.0	23
	chrM	9069	1	1.0	24
	chrM	9069	1	1.0	32
	chrM	9069	1	1.0	39
	chrM	9070	1	1.0	33
	chrM	9072	1	2.0	27
	chrM	9072	1	1.0	31
	chrM	9073	1	2.0	27
	chrM	9073	1	4.0	28
	chrM	9073	1	1.0	29
	chrM	9078	1	1.0	33
	chrM	9080	1	2.0	18
	chrM	9080	1	1.0	21
	chrM	9080	1	1.0	30
	chrM	9080	1	2.0	33
	chrM	9080	1	1.0	37
	chrM	9083	1	1.0	21
	chrM	9083	1	1.0	24
	chrM	9083	1	1.0	37
	chrM	9083	1	1.0	47
	chrM	9085	1	1.0	39
	chrM	9086	1	1.0	24
	chrM	9088	1	1.0	51
	chrM	9089	1	2.0	27
	chrM	9089	1	1.0	30
	chrM	9089	1	1.0	39
	chrM	9089	1	2.0	40
	chrM	9090	1	2.0	45
	chrM	9092	1	2.0	31
	chrM	9096	1	3.0	51
	chrM	9108	1	1.0	47
	chrM	9112	1	1.0	51
	chrM	9187	1	1.0	18
	chrM	9187	1	2.0	20
	chrM	9187	1	2.0	51
	chrM	9188	1	2.0	17
	chrM	9188	1	1.0	18
	chrM	9188	1	2.0	19
	chrM	9188	1	2.0	20
	chrM	9189	1	1.0	17
	chrM	9189	1	2.0	20
	chrM	9191	1	5.0	18
	chrM	9191	1	2.0	22
	chrM	9191	1	1.0	23
	chrM	9192	1	2.0	19
	chrM	9192	1	2.0	22
	chrM	9193	1	1.0	20
	chrM	9193	1	1.0	24
	chrM	9196	1	3.0	27
	chrM	9196	1	1.0	31
	chrM	9196	1	1.0	46
	chrM	9199	1	3.0	51
	chrM	9204	1	1.0	31
	chrM	9206	1	1.0	39
	chrM	9206	1	1.0	51
	chrM	9207	1	1.0	22
	chrM	9207	1	1.0	33
	chrM	9207	1	1.0	40
	chrM	9212	1	1.0	43
	chrM	9214	1	1.0	34
	chrM	9214	1	2.0	35
	chrM	9214	1	1.0	39
	chrM	9224	1	2.0	51
	chrM	9952	0	1.0	51
	chrM	9955	0	1.0	45
	chrM	9957	0	1.0	43
	chrM	9966	0	1.0	37
	chrM	9967	0	1.0	51
	chrM	9972	0	1.0	28
	chrM	9973	0	1.0	19
	chrM	9973	0	2.0	27
	chrM	9973	0	1.0	37
	chrM	9973	0	1.0	47
	chrM	9975	0	1.0	17
	chrM	9975	0	1.0	34
	chrM	9976	0	1.0	24
	chrM	9977	0	1.0	19
	chrM	9977	0	1.0	20
	chrM	9977	0	1.0	21
	chrM	9977	0	2.0	29
	chrM	9977	0	2.0	32
	chrM	9979	0	2.0	17
	chrM	9979	0	1.0	27
	chrM	9979	0	1.0	41
	chrM	9981	0	1.0	16
	chrM	9981	0	1.0	29
	chrM	9983	0	1.0	51
	chrM	9984	0	2.0	35
	chrM	9985	0	1.0	33
	chrM	9986	0	1.0	24
	chrM	9986	0	2.0	29
	chrM	9986	0	1.0	35
	chrM	9986	0	1.0	51
	chrM	9987	0	1.0	25
	chrM	9987	0	1.0	33
	chrM	9987	0	1.0	34
	chrM	9989	0	1.0	17
	chrM	9989	0	2.0	20
	chrM	9989	0	2.0	21
	chrM	9989	0	1.0	22
	chrM	9989	0	1.0	23
	chrM	9989	0	1.0	29
	chrM	9989	0	1.0	31
	chrM	9989	0	2.0	32
	chrM	9990	0	1.0	19
	chrM	9991	1	1.0	36
	chrM	9994	1	1.0	20
	chrM	9995	1	1.0	32
	chrM	9995	1	2.0	39
	chrM	9998	1	1.0	39
	chrM	9999	1	1.0	19
	chrM	9999	1	3.0	32
	chrM	9999	1	1.0	33
	chrM	9999	1	2.0	43
	chrM	10001	1	1.0	42
	chrM	10002	1	1.0	26
	chrM	10002	1	1.0	46
	chrM	10007	1	5.0	51
	chrM	10009	1	1.0	21
	chrM	10014	1	1.0	26
	chrM	10014	1	1.0	51
	chrM	10022	1	2.0	34
	chrM	10026	1	1.0	51
	chrM	10376	0	1.0	26
	chrM	10376	0	1.0	34
	chrM	10378	0	1.0	21
	chrM	10381	0	1.0	23
	chrM	10382	0	1.0	17
	chrM	10389	1	3.0	20
	chrM	10395	1	1.0	27
	chrM	10396	1	1.0	29
	chrM	10398	1	1.0	29
	chrM	10398	1	1.0	31
	chrM	10401	1	1.0	25
	chrM	10401	1	1.0	34
	chrM	10404	1	4.0	24
	chrM	10404	1	1.0	26
	chrM	10409	1	1.0	22
	chrM	10416	1	1.0	38
	chrM	10418	1	1.0	47
	chrM	10420	1	1.0	32
	chrM	10903	0	1.0	30
	chrM	11215	0	1.0	51
	chrM	11220	0	1.0	51
	chrM	11221	0	1.0	51
	chrM	11223	0	1.0	48
	chrM	11241	0	1.0	31
	chrM	11247	0	1.0	24
	chrM	11247	0	7.0	25
	chrM	11247	0	1.0	27
	chrM	11249	0	1.0	24
	chrM	11252	0	2.0	20
	chrM	11254	0	1.0	18
	chrM	11254	0	1.0	20
	chrM	11255	0	1.0	17
	chrM	11515	0	1.0	51
	chrM	11516	0	1.0	51
	chrM	11526	0	1.0	36
	chrM	11526	0	1.0	51
	chrM	11530	0	1.0	38
	chrM	11538	0	1.0	24
	chrM	11539	0	1.0	28
	chrM	11540	0	2.0	21
	chrM	11540	0	2.0	29
	chrM	11541	0	2.0	27
	chrM	11544	0	1.0	17
	chrM	11544	0	2.0	18
	chrM	11544	0	1.0	22
	chrM	11544	0	1.0	25
	chrM	11544	0	1.0	26
	chrM	11544	0	1.0	29
	chrM	11544	0	1.0	51
	chrM	11545	0	1.0	30
	chrM	11546	0	1.0	23
	chrM	11547	0	1.0	16
	chrM	11547	0	1.0	17
	chrM	11547	0	1.0	21
	chrM	11549	0	1.0	43
	chrM	11550	0	1.0	17
	chrM	11550	0	1.0	25
	chrM	11551	0	1.0	25
	chrM	11552	0	1.0	16
	chrM	11552	0	1.0	37
	chrM	11554	0	1.0	23
	chrM	11554	0	1.0	51
	chrM	11555	0	6.0	16
	chrM	11555	0	1.0	22
	chrM	11555	0	3.0	34
	chrM	11555	0	1.0	35
	chrM	11555	0	1.0	46
	chrM	11556	0	1.0	26
	chrM	11556	0	1.0	51
	chrM	11558	0	1.0	18
	chrM	11559	0	1.0	21
	chrM	11559	0	2.0	28
	chrM	12009	1	1.0	23
	chrM	12067	1	1.0	44
	chrM	12091	1	2.0	27
	chrM	12093	1	2.0	29
	chrM	12094	1	1.0	29
	chrM	12094	1	1.0	30
	chrM	12095	1	2.0	19
	chrM	12095	1	1.0	30
	chrM	12095	1	1.0	31
	chrM	12096	1	3.0	32
	chrM	12098	1	1.0	16
	chrM	12098	1	2.0	17
	chrM	12098	1	3.0	21
	chrM	12098	1	1.0	34
	chrM	12098	1	1.0	37
	chrM	12099	1	1.0	18
	chrM	12099	1	1.0	22
	chrM	12100	1	1.0	18
	chrM	12100	1	1.0	20
	chrM	12100	1	1.0	22
	chrM	12100	1	3.0	23
	chrM	12100	1	3.0	36
	chrM	12101	1	2.0	18
	chrM	12101	1	1.0	19
	chrM	12101	1	5.0	20
	chrM	12101	1	2.0	21
	chrM	12101	1	1.0	23
	chrM	12101	1	3.0	24
	chrM	12102	1	1.0	17
	chrM	12102	1	1.0	20
	chrM	12102	1	1.0	21
	chrM	12102	1	5.0	22
	chrM	12102	1	1.0	30
	chrM	12102	1	1.0	38
	chrM	12103	1	1.0	18
	chrM	12103	1	2.0	22
	chrM	12103	1	2.0	26
	chrM	12104	1	2.0	21
	chrM	12104	1	3.0	22
	chrM	12104	1	1.0	23
	chrM	12104	1	7.0	24
	chrM	12104	1	3.0	27
	chrM	12104	1	3.0	28
	chrM	12104	1	3.0	40
	chrM	12106	1	2.0	24
	chrM	12106	1	1.0	25
	chrM	12106	1	1.0	35
	chrM	12106	1	1.0	42
	chrM	12107	1	1.0	27
	chrM	12107	1	1.0	43
	chrM	12108	1	3.0	19
	chrM	12108	1	3.0	21
	chrM	12108	1	1.0	23
	chrM	12108	1	6.0	26
	chrM	12108	1	6.0	27
	chrM	12108	1	4.0	28
	chrM	12108	1	1.0	29
	chrM	12108	1	1.0	30
	chrM	12108	1	3.0	31
	chrM	12108	1	1.0	33
	chrM	12108	1	3.0	44
	chrM	12109	1	1.0	28
	chrM	12109	1	1.0	32
	chrM	12110	1	1.0	28
	chrM	12111	1	1.0	21
	chrM	12111	1	1.0	26
	chrM	12111	1	1.0	30
	chrM	12111	1	1.0	41
	chrM	12112	1	1.0	31
	chrM	12113	1	1.0	26
	chrM	12113	1	3.0	28
	chrM	12113	1	2.0	31
	chrM	12113	1	3.0	32
	chrM	12113	1	2.0	33
	chrM	12113	1	1.0	38
	chrM	12113	1	1.0	39
	chrM	12113	1	2.0	40
	chrM	12114	1	1.0	33
	chrM	12114	1	1.0	37
	chrM	12115	1	2.0	26
	chrM	12115	1	1.0	35
	chrM	12115	1	2.0	48
	chrM	12115	1	7.0	51
	chrM	12116	1	1.0	27
	chrM	12116	1	4.0	31
	chrM	12117	1	1.0	37
	chrM	12118	1	1.0	29
	chrM	12118	1	2.0	37
	chrM	12118	1	1.0	46
	chrM	12119	1	1.0	32
	chrM	12119	1	1.0	39
	chrM	12120	1	1.0	33
	chrM	12122	1	2.0	41
	chrM	12122	1	1.0	42
	chrM	12130	0	1.0	26
	chrM	12130	0	2.0	27
	chrM	12131	1	1.0	51
	chrM	12132	1	1.0	51
	chrM	12133	1	1.0	22
	chrM	12133	1	1.0	24
	chrM	12133	1	1.0	37
	chrM	12133	1	1.0	41
	chrM	12133	1	1.0	51
	chrM	12137	1	1.0	18
	chrM	12139	1	1.0	38
	chrM	12140	1	1.0	30
	chrM	12141	1	1.0	16
	chrM	12141	1	2.0	18
	chrM	12141	1	3.0	19
	chrM	12141	1	1.0	20
	chrM	12141	1	1.0	22
	chrM	12141	1	1.0	23
	chrM	12141	1	2.0	32
	chrM	12141	1	2.0	46
	chrM	12142	1	1.0	32
	chrM	12143	1	1.0	21
	chrM	12144	1	1.0	22
	chrM	12144	1	1.0	32
	chrM	12144	1	2.0	35
	chrM	12144	1	1.0	41
	chrM	12145	1	1.0	20
	chrM	12146	1	2.0	51
	chrM	12147	1	3.0	25
	chrM	12147	1	1.0	31
	chrM	12147	1	1.0	38
	chrM	12148	1	1.0	26
	chrM	12148	1	1.0	27
	chrM	12148	1	1.0	32
	chrM	12148	1	1.0	39
	chrM	12149	1	1.0	25
	chrM	12150	1	1.0	21
	chrM	12150	1	1.0	27
	chrM	12151	1	1.0	23
	chrM	12151	1	1.0	27
	chrM	12151	1	1.0	42
	chrM	12153	1	1.0	29
	chrM	12154	1	1.0	29
	chrM	12156	1	1.0	33
	chrM	12157	1	1.0	35
	chrM	12157	1	1.0	36
	chrM	12157	1	1.0	48
	chrM	12160	1	1.0	31
	chrM	12161	1	1.0	16
	chrM	12162	1	1.0	51
	chrM	12344	1	1.0	22
	chrM	12344	1	2.0	51
	chrM	12347	1	1.0	25
	chrM	12348	1	1.0	19
	chrM	12348	1	1.0	45
	chrM	12349	1	1.0	19
	chrM	12349	1	1.0	20
	chrM	12349	1	1.0	24
	chrM	12349	1	1.0	30
	chrM	12349	1	1.0	43
	chrM	12349	1	2.0	51
	chrM	12350	1	3.0	31
	chrM	12350	1	1.0	35
	chrM	12350	1	1.0	46
	chrM	12350	1	1.0	51
	chrM	12351	1	1.0	18
	chrM	12351	1	1.0	32
	chrM	12352	1	2.0	16
	chrM	12352	1	5.0	17
	chrM	12352	1	4.0	18
	chrM	12352	1	5.0	19
	chrM	12352	1	1.0	21
	chrM	12352	1	2.0	27
	chrM	12352	1	1.0	33
	chrM	12352	1	1.0	37
	chrM	12352	1	1.0	48
	chrM	12353	1	1.0	18
	chrM	12353	1	1.0	46
	chrM	12353	1	1.0	51
	chrM	12354	1	3.0	16
	chrM	12354	1	2.0	20
	chrM	12354	1	1.0	21
	chrM	12354	1	1.0	23
	chrM	12354	1	1.0	32
	chrM	12354	1	2.0	51
	chrM	12355	1	1.0	17
	chrM	12355	1	1.0	20
	chrM	12355	1	3.0	51
	chrM	12356	1	3.0	18
	chrM	12356	1	1.0	31
	chrM	12356	1	1.0	37
	chrM	12357	1	3.0	17
	chrM	12357	1	4.0	51
	chrM	12358	1	1.0	20
	chrM	12358	1	1.0	21
	chrM	12358	1	1.0	23
	chrM	12358	1	1.0	39
	chrM	12360	1	2.0	19
	chrM	12360	1	1.0	20
	chrM	12360	1	2.0	21
	chrM	12360	1	5.0	22
	chrM	12360	1	1.0	24
	chrM	12360	1	2.0	26
	chrM	12360	1	1.0	36
	chrM	12360	1	1.0	46
	chrM	12362	1	3.0	23
	chrM	12362	1	2.0	24
	chrM	12362	1	2.0	26
	chrM	12362	1	2.0	27
	chrM	12362	1	1.0	37
	chrM	12363	1	2.0	20
	chrM	12363	1	2.0	25
	chrM	12363	1	1.0	27
	chrM	12363	1	1.0	41
	chrM	12363	1	1.0	44
	chrM	12364	0	1.0	38
	chrM	12364	1	2.0	26
	chrM	12367	1	1.0	29
	chrM	12367	1	1.0	48
	chrM	12368	1	1.0	29
	chrM	12368	1	1.0	30
	chrM	12368	1	1.0	34
	chrM	12369	0	1.0	22
	chrM	12370	1	1.0	32
	chrM	12370	1	1.0	51
	chrM	12372	1	1.0	42
	chrM	12373	1	1.0	33
	chrM	12373	1	3.0	51
	chrM	12374	1	2.0	51
	chrM	12376	1	1.0	37
	chrM	12378	1	1.0	39
	chrM	12378	1	1.0	51
	chrM	12382	1	1.0	24
	chrM	12384	1	2.0	51
	chrM	12385	1	1.0	51
	chrM	12386	1	1.0	18
	chrM	12387	1	1.0	51
	chrM	12388	1	1.0	20
	chrM	12390	1	2.0	34
	chrM	12390	1	1.0	51
	chrM	12394	1	1.0	24
	chrM	12395	1	2.0	25
	chrM	12396	1	1.0	49
	chrM	12398	1	1.0	28
	chrM	12398	1	1.0	30
	chrM	12398	1	1.0	31
	chrM	12399	1	1.0	20
	chrM	12399	1	1.0	43
	chrM	12400	1	1.0	31
	chrM	12400	1	2.0	32
	chrM	12401	1	2.0	31
	chrM	12401	1	2.0	32
	chrM	12401	1	2.0	33
	chrM	12401	1	1.0	44
	chrM	12401	1	3.0	48
	chrM	12403	1	1.0	51
	chrM	12404	1	1.0	39
	chrM	12404	1	1.0	51
	chrM	12405	1	1.0	37
	chrM	12406	1	1.0	38
	chrM	12406	1	2.0	51
	chrM	12410	1	1.0	39
	chrM	12410	1	1.0	42
	chrM	12417	1	1.0	49
	chrM	12419	1	1.0	45
	chrM	12419	1	3.0	51
	chrM	12422	1	4.0	51
	chrM	12626	1	1.0	30
	chrM	12628	1	1.0	43
	chrM	13563	1	1.0	21
	chrM	13564	1	2.0	18
	chrM	13565	1	2.0	17
	chrM	13567	1	1.0	21
	chrM	13567	1	1.0	39
	chrM	13568	1	2.0	17
	chrM	13568	1	1.0	18
	chrM	13568	1	1.0	20
	chrM	13568	1	1.0	23
	chrM	13568	1	1.0	24
	chrM	13571	1	2.0	21
	chrM	13571	1	1.0	24
	chrM	13571	1	1.0	25
	chrM	13571	1	1.0	29
	chrM	13572	1	1.0	18
	chrM	13572	1	1.0	21
	chrM	13572	1	1.0	27
	chrM	13575	1	2.0	21
	chrM	13575	1	1.0	23
	chrM	13575	1	1.0	24
	chrM	13576	1	1.0	20
	chrM	13578	1	3.0	21
	chrM	13578	1	8.0	22
	chrM	13578	1	1.0	29
	chrM	13579	1	3.0	22
	chrM	13579	1	1.0	23
	chrM	13579	1	1.0	51
	chrM	13580	1	1.0	24
	chrM	13580	1	1.0	33
	chrM	13581	1	1.0	30
	chrM	13582	1	1.0	26
	chrM	13583	1	1.0	29
	chrM	13584	1	1.0	26
	chrM	13584	1	1.0	28
	chrM	13585	1	1.0	29
	chrM	13588	1	1.0	51
	chrM	13590	1	2.0	31
	chrM	13590	1	1.0	33
	chrM	13590	1	4.0	34
	chrM	13591	1	1.0	51
	chrM	13592	1	4.0	36
	chrM	13592	1	1.0	43
	chrM	13592	1	1.0	46
	chrM	13595	1	2.0	39
	chrM	13596	1	1.0	37
	chrM	13596	1	1.0	40
	chrM	13596	1	1.0	47
	chrM	13597	1	1.0	40
	chrM	13598	1	1.0	51
	chrM	13599	1	1.0	42
	chrM	13599	1	3.0	43
	chrM	13600	1	3.0	51
	chrM	13602	1	1.0	46
	chrM	13603	1	1.0	47
	chrM	13603	1	1.0	51
	chrM	13605	1	1.0	47
	chrM	13605	1	1.0	48
	chrM	13605	1	2.0	51
	chrM	13607	1	3.0	51
	chrM	13608	1	1.0	51
	chrM	15569	1	1.0	46
	chrM	15615	1	1.0	24
	chrM	15615	1	3.0	33
	chrM	15617	1	1.0	35
	chrM	15618	1	1.0	26
	chrM	15620	1	1.0	29
	chrM	15621	1	2.0	30
	chrM	15621	1	1.0	32
	chrM	15621	1	1.0	39
	chrM	15623	1	1.0	32
	chrM	15625	1	1.0	32
	chrM	15625	1	1.0	51
	chrM	15626	1	1.0	36
	chrM	15626	1	1.0	41
	chrM	15626	1	2.0	44
	chrM	15627	1	1.0	36
	chrM	15628	1	1.0	35
	chrM	15629	1	1.0	47
	chrM	15630	1	1.0	18
	chrM	15631	1	1.0	51
	chrM	15632	1	47.0	20
	chrM	15632	1	282.0	21
	chrM	15632	1	9.0	22
	chrM	15632	1	8.0	23
	chrM	15632	1	1.0	24
	chrM	15633	1	4.0	20
	chrM	15633	1	352.0	21
	chrM	15633	1	64.0	22
	chrM	15633	1	1.0	23
	chrM	15633	1	1.0	24
	chrM	15633	1	3.0	38
	chrM	15634	1	3.0	20
	chrM	15634	1	5.0	21
	chrM	15634	1	732.0	22
	chrM	15634	1	118.0	23
	chrM	15634	1	5.0	24
	chrM	15634	1	6.0	25
	chrM	15634	1	1.0	26
	chrM	15634	1	1.0	40
	chrM	15635	1	1.0	6
	chrM	15635	1	1.0	22
	chrM	15635	1	250.0	23
	chrM	15635	1	34.0	24
	chrM	15635	1	1.0	25
	chrM	15635	1	3.0	26
	chrM	15636	1	1.0	22
	chrM	15636	1	5.0	23
	chrM	15636	1	671.0	24
	chrM	15636	1	82.0	25
	chrM	15636	1	2.0	26
	chrM	15636	1	2.0	27
	chrM	15636	1	2.0	28
	chrM	15637	1	4.0	24
	chrM	15637	1	210.0	25
	chrM	15637	1	23.0	26
	chrM	15638	1	2.0	23
	chrM	15638	1	1.0	24
	chrM	15638	1	7.0	25
	chrM	15638	1	585.0	26
	chrM	15638	1	111.0	27
	chrM	15638	1	4.0	28
	chrM	15638	1	1.0	30
	chrM	15639	1	1.0	25
	chrM	15639	1	3.0	26
	chrM	15639	1	194.0	27
	chrM	15639	1	35.0	28
	chrM	15639	1	2.0	29
	chrM	15639	1	2.0	30
	chrM	15640	1	4.0	27
	chrM	15640	1	649.0	28
	chrM	15640	1	115.0	29
	chrM	15640	1	4.0	30
	chrM	15640	1	3.0	31
	chrM	15640	1	1.0	32
	chrM	15641	1	4.0	28
	chrM	15641	1	245.0	29
	chrM	15641	1	37.0	30
	chrM	15641	1	4.0	31
	chrM	15642	1	1.0	27
	chrM	15642	1	1.0	28
	chrM	15642	1	5.0	29
	chrM	15642	1	792.0	30
	chrM	15642	1	141.0	31
	chrM	15642	1	9.0	32
	chrM	15642	1	5.0	33
	chrM	15642	1	2.0	34
	chrM	15643	1	1.0	30
	chrM	15643	1	214.0	31
	chrM	15643	1	21.0	32
	chrM	15643	1	3.0	33
	chrM	15644	1	2.0	30
	chrM	15644	1	7.0	31
	chrM	15644	1	661.0	32
	chrM	15644	1	120.0	33
	chrM	15644	1	11.0	34
	chrM	15644	1	2.0	35
	chrM	15645	1	1.0	32
	chrM	15645	1	71.0	33
	chrM	15645	1	20.0	34
	chrM	15645	1	1.0	35
	chrM	15646	1	3.0	33
	chrM	15646	1	239.0	34
	chrM	15646	1	41.0	35
	chrM	15646	1	1.0	38
	chrM	15647	1	49.0	35
	chrM	15647	1	10.0	36
	chrM	15647	1	2.0	37
	chrM	15648	1	1.0	35
	chrM	15648	1	81.0	36
	chrM	15648	1	11.0	37
	chrM	15648	1	1.0	38
	chrM	15649	1	14.0	37
	chrM	15649	1	8.0	38
	chrM	15650	1	28.0	38
	chrM	15650	1	6.0	39
	chrM	15651	1	4.0	39
	chrM	15651	1	2.0	40
	chrM	15652	1	26.0	40
	chrM	15652	1	5.0	41
	chrM	15653	1	6.0	41
	chrM	15653	1	1.0	42
	chrM	15654	1	1.0	40
	chrM	15654	1	2.0	41
	chrM	15654	1	25.0	42
	chrM	15654	1	7.0	43
	chrM	15655	1	7.0	43
	chrM	15655	1	2.0	44
	chrM	15656	1	34.0	44
	chrM	15656	1	5.0	45
	chrM	15657	1	7.0	45
	chrM	15657	1	3.0	46
	chrM	15658	1	17.0	46
	chrM	15658	1	2.0	47
	chrM	15659	1	12.0	47
	chrM	15659	1	1.0	48
	chrM	15660	1	14.0	48
	chrM	15662	1	1.0	51
	chrM	15663	1	11.0	51
	chrM	15701	1	1.0	27
	chrM	15706	1	1.0	32
	chrM	15709	1	1.0	35
	chrM	15717	1	2.0	43
	chrM	15724	1	1.0	48
	chrM	15725	1	2.0	51
	chrM	15726	1	1.0	51
	chrM	15727	1	1.0	51
	chrM	19413	1	1.0	19
	chrM	19474	0	1.0	38
	chrM	19508	1	2.0	31
	chrM	19516	1	1.0	43
